"Name","TeamAbbreviation","GamesPlayed","Minutes","FTA","Technical Free Throw Trips","TwoPtShootingFoulsDrawn","2pt And 1 Free Throw Trips","ThreePtShootingFoulsDrawn","3pt And 1 Free Throw Trips","NonShootingFoulsDrawn","ShootingFoulsDrawnPct","TwoPtShootingFoulsDrawnPct","ThreePtShootingFoulsDrawnPct"
"LeBron James","CLE",78,3190,701,26,312,96,4,0,69,0.17164584464964694,0.2043222003929273,0.012738853503184714
"Kobe Bryant","LAL",77,3140,768,37,288,65,9,1,98,0.1493963782696177,0.1820480404551201,0.022167487684729065
"Vince Carter","NJN",82,3126,576,16,220,48,2,1,82,0.12535290796160362,0.16504126031507876,0.0045662100456621
"Elton Brand","LAC",80,3078,461,0,217,68,0,0,48,0.15955882352941175,0.15967623252391464,0
"Luol Deng","CHI",82,3072,359,0,161,39,0,0,38,0.12014925373134329,0.1207801950487622,0
"Andre Iguodala","PHI",76,3062,551,18,221,31,4,4,59,0.1905165114309907,0.21539961013645223,0.025806451612903226
"Rafer Alston","HOU",82,3040,177,0,44,4,1,0,45,0.04241281809613572,0.08286252354048965,0.0018867924528301887
"Dwight Howard","ORL",82,3024,666,0,294,71,0,0,75,0.26824817518248173,0.2687385740402194,0
"Ricky Davis","MIN",81,3021,285,10,110,21,3,0,34,0.09568162574089754,0.12672811059907835,0.009584664536741214
"Shawn Marion","PHX",80,3010,248,13,105,23,0,0,24,0.09106678230702515,0.11653718091009989,0
"Tayshaun Prince","DET",82,3001,224,3,96,18,1,0,22,0.09014869888475836,0.11098265895953757,0.004739336492890996
"Kevin Garnett","MIN",76,2995,498,35,194,38,0,0,57,0.1295925183700735,0.13462873004857737,0
"Shane Battier","HOU",82,2988,113,0,36,5,4,2,19,0.05822416302765648,0.11538461538461539,0.010666666666666666
"Andre Miller","PHI",80,2966,283,0,104,27,1,0,50,0.10638297872340426,0.10935856992639327,0.027777777777777776
"Deron Williams","UTA",80,2950,296,6,104,20,5,0,44,0.09300341296928327,0.11403508771929824,0.019230769230769232
"Gilbert Arenas","WAS",74,2942,718,42,275,68,18,5,75,0.16572398190045248,0.23484201537147736,0.03015075376884422
"Jason Kidd","NJN",80,2933,230,32,70,13,1,0,34,0.07349896480331262,0.11589403973509933,0.0027624309392265192
"Raja Bell","PHX",78,2917,152,3,59,10,3,3,19,0.062062062062062065,0.1172962226640159,0.006048387096774193
"Eddy Curry","NYK",81,2849,659,0,312,77,0,0,56,0.24940047961630696,0.2496,0
"Charlie Bell","MIL",82,2848,168,0,79,24,0,0,17,0.07677356656948493,0.11826347305389222,0
"Jason Terry","DAL",81,2846,199,2,78,20,3,1,27,0.07212822796081923,0.10386151797603196,0.008064516129032258
"Cuttino Mobley","LAC",78,2841,239,25,76,13,1,1,37,0.08148148148148149,0.10872675250357654,0.0040650406504065045
"Kirk Hinrich","CHI",80,2839,284,14,88,26,6,1,52,0.08333333333333333,0.11195928753180662,0.017543859649122806
"Raymond Felton","CHA",78,2832,256,4,93,17,3,0,37,0.08703535811423391,0.11802030456852793,0.009523809523809525
"Dirk Nowitzki","DAL",78,2821,551,52,204,41,0,0,66,0.1356382978723404,0.15326821938392185,0
"Kevin Martin","SAC",80,2818,570,25,217,40,7,1,66,0.1792,0.23819978046103182,0.02064896755162242
"Danny Granger","IND",82,2785,294,23,108,35,0,0,45,0.11477151965993623,0.16539050535987748,0
"Mike Bibby","SAC",82,2784,347,38,100,22,2,0,63,0.08186195826645265,0.1310615989515072,0.004140786749482402
"Richard Hamilton","DET",75,2763,403,41,133,30,0,0,63,0.1044776119402985,0.11625874125874126,0
"Allen Iverson","DEN",65,2761,610,15,255,55,6,0,61,0.1718235681369322,0.19376899696048633,0.029556650246305417
"Stephon Marbury","NYK",74,2748,386,10,178,32,2,0,23,0.16363636363636364,0.23638778220451528,0.005763688760806916
"Mike Miller","MEM",70,2740,203,13,74,29,1,0,34,0.07102272727272728,0.13285457809694792,0.002004008016032064
"Tim Duncan","SAS",80,2726,568,0,274,67,1,0,42,0.20537714712471994,0.20617005267118135,0.1
"Ben Gordon","CHI",82,2704,440,39,134,26,9,2,68,0.09841706813489333,0.12511671335200747,0.02356020942408377
"Ben Wallace","CHI",77,2697,267,0,110,18,0,0,34,0.2131782945736434,0.21526418786692758,0
"Amar'e Stoudemire","PHX",82,2689,585,0,312,97,0,0,29,0.24566929133858267,0.2462509865824783,0
"Steve Nash","PHX",76,2682,247,53,56,14,3,0,44,0.058070866141732284,0.08358208955223881,0.008670520231213872
"Mehmet Okur","UTA",80,2665,387,20,150,29,6,0,39,0.13131313131313133,0.1773049645390071,0.017543859649122806
"Antawn Jamison","WAS",70,2662,307,1,120,28,8,3,39,0.10355987055016182,0.14084507042253522,0.020833333333333332
"Chris Bosh","TOR",69,2658,590,6,263,54,0,0,56,0.20184190330007676,0.20741324921135645,0
"Jarrett Jack","POR",79,2651,279,47,78,19,1,0,46,0.10326797385620914,0.13356164383561644,0.0055248618784530384
"Josh Smith","ATL",72,2647,387,0,184,47,2,0,30,0.16431095406360424,0.18813905930470348,0.012987012987012988
"Metta World Peace","SAC",70,2641,415,0,185,40,1,0,41,0.15682967959527824,0.2,0.0038314176245210726
"Gerald Wallace","CHA",72,2641,447,0,214,56,1,0,36,0.1935193519351935,0.21616161616161617,0.008264462809917356
"Monta Ellis","GSW",77,2638,358,23,152,34,3,0,28,0.13704686118479223,0.15431472081218275,0.02054794520547945
"Leandro Barbosa","PHX",80,2613,232,6,107,32,0,0,22,0.09021922428330523,0.14304812834224598,0
"Larry Hughes","CLE",70,2596,309,3,144,35,3,1,24,0.13815789473684212,0.17142857142857143,0.013392857142857142
"Chris Wilcox","SEA",82,2586,351,0,183,47,0,0,16,0.19162303664921465,0.1928345626975764,0
"Mike Dunleavy","IND",82,2581,269,18,96,22,2,0,38,0.10583153347732181,0.13714285714285715,0.008849557522123894
"Desmond Mason","NOK",75,2575,323,0,149,32,0,0,29,0.14650934119960668,0.14650934119960668,0
"Al Harrington","GSW",78,2563,242,0,97,18,2,0,30,0.08505154639175258,0.11162255466052934,0.006779661016949152
"Carlos Boozer","UTA",74,2557,372,0,183,51,0,0,29,0.1423017107309487,0.1423017107309487,0
"Mark Blount","MIN",82,2545,195,0,100,21,0,0,8,0.10893246187363835,0.11273957158962795,0
"Tracy McGrady","HOU",71,2539,488,2,199,48,22,1,36,0.1337772397094431,0.1592,0.05472636815920398
"Samuel Dalembert","PHI",82,2535,224,0,113,32,0,0,16,0.15290933694181327,0.15332428765264586,0
"Chauncey Billups","DET",70,2534,437,57,127,17,3,1,68,0.14023732470334413,0.20853858784893267,0.009433962264150943
"Tyson Chandler","NOK",73,2525,201,0,89,24,0,0,24,0.1669793621013133,0.16729323308270677,0
"Ruben Patterson","MIL",81,2508,376,0,185,54,0,0,30,0.18537074148296592,0.18896833503575078,0
"Tony Parker","SAS",77,2499,350,1,153,35,0,0,39,0.12602965403624383,0.13010204081632654,0
"Carmelo Anthony","DEN",65,2486,568,52,207,52,2,0,75,0.1298136645962733,0.1418779986291981,0.013245033112582781
"Udonis Haslem","MIA",79,2483,203,1,88,24,0,0,25,0.11267605633802817,0.11325611325611326,0
"Stephen Jackson","GSW",75,2479,299,12,122,30,0,0,37,0.11776061776061776,0.16827586206896553,0
"Caron Butler","WAS",63,2474,328,14,124,27,1,0,45,0.11649580615097857,0.124,0.0136986301369863
"Mo Williams","MIL",68,2472,186,16,58,13,0,0,34,0.05301645338208409,0.06697459584295612,0
"Bruce Bowen","SAS",82,2464,73,0,25,8,5,1,9,0.06147540983606557,0.0992063492063492,0.0211864406779661
"Jermaine O'Neal","IND",69,2459,447,1,197,46,0,0,49,0.15247678018575853,0.15330739299610896,0
"Smush Parker","LAL",82,2458,175,0,79,24,1,0,19,0.09512485136741974,0.14656771799628943,0.0033112582781456954
"Josh Howard","DAL",70,2456,294,1,134,36,7,2,22,0.11969439728353141,0.14346895074946467,0.028688524590163935
"Anthony Parker","TOR",73,2437,159,17,52,9,3,1,20,0.07513661202185792,0.11087420042643924,0.011406844106463879
"Zach Randolph","POR",68,2425,481,11,201,52,0,0,60,0.14006968641114984,0.14491708723864455,0
"DeShawn Stevenson","WAS",82,2419,216,0,100,16,0,0,16,0.11947431302270012,0.1529051987767584,0
"Rasheed Wallace","DET",75,2419,137,1,64,13,1,0,9,0.07262569832402235,0.10702341137123746,0.003367003367003367
"Andris Biedrins","GSW",82,2382,167,0,74,18,0,0,20,0.11616954474097331,0.11616954474097331,0
"Nick Collison","SEA",82,2378,199,0,94,26,0,0,19,0.13352272727272727,0.1339031339031339,0
"Marcus Camby","DEN",70,2369,221,0,100,21,0,0,21,0.13550135501355012,0.1358695652173913,0
"Joe Johnson","ATL",57,2360,313,25,104,26,0,0,53,0.08545603944124898,0.11491712707182321,0
"Chris Paul","NOK",64,2353,357,31,103,29,1,0,73,0.10993657505285412,0.128428927680798,0.006944444444444444
"Rashard Lewis","SEA",60,2348,315,5,102,18,10,3,50,0.10218978102189781,0.1452991452991453,0.025380710659898477
"Jameer Nelson","ORL",77,2331,221,21,65,14,3,0,38,0.07319698600645856,0.08879781420765027,0.015228426395939087
"Emeka Okafor","CHA",67,2329,295,0,150,28,0,0,12,0.1740139211136891,0.1740139211136891,0
"Adam Morrison","CHA",78,2326,169,11,56,9,1,0,26,0.057459677419354836,0.07639836289222374,0.003861003861003861
"Al Jefferson","BOS",69,2319,295,0,153,51,0,0,20,0.15548780487804878,0.15564598168870802,0
"Corey Maggette","LAC",75,2291,633,30,257,47,0,0,68,0.25245579567779963,0.2696747114375656,0
"Kyle Korver","PHI",74,2288,209,34,48,9,4,0,38,0.05855855855855856,0.0831889081455806,0.012861736334405145
"Derek Fisher","UTA",82,2287,307,49,85,16,4,2,48,0.1193029490616622,0.1445578231292517,0.02531645569620253
"Ryan Gomes","BOS",73,2275,233,3,110,18,0,0,14,0.13496932515337423,0.1423027166882277,0
"Hedo Turkoglu","ORL",73,2268,219,11,84,16,4,0,22,0.09832402234636871,0.1377049180327869,0.014035087719298246
"Boris Diaw","PHX",73,2267,120,0,54,22,0,0,17,0.08985024958402663,0.09712230215827339,0
"Andrew Bogut","MIL",66,2258,194,0,88,21,0,0,20,0.12643678160919541,0.12735166425470332,0
"T.J. Ford","TOR",75,2243,293,3,108,16,0,0,45,0.10865191146881288,0.11675675675675676,0
"Jamaal Tinsley","IND",72,2243,239,10,83,15,0,0,39,0.08672936259143156,0.10863874345549739,0
"Drew Gooden","CLE",80,2238,199,1,92,22,0,0,18,0.10772833723653395,0.10849056603773585,0
"Steve Blake","DEN",82,2224,64,4,11,2,2,1,18,0.025048169556840076,0.035483870967741936,0.009569377990430622
"Rasual Butler","NOK",81,2223,87,2,37,12,1,0,10,0.04668304668304668,0.08222222222222222,0.0027472527472527475
"Trenton Hassell","MIN",76,2223,92,1,37,7,0,0,12,0.07822410147991543,0.08258928571428571,0
"Baron Davis","GSW",63,2221,369,21,147,43,3,0,44,0.13192612137203166,0.1721311475409836,0.01060070671378092
"Ray Allen","SEA",55,2219,309,42,108,30,8,2,31,0.09377526273241714,0.13705583756345177,0.017817371937639197
"Delonte West","BOS",69,2219,197,18,70,20,1,0,28,0.09244791666666667,0.11884550084889643,0.00558659217877095
"Luther Head","HOU",80,2210,105,3,30,8,4,0,19,0.046831955922865015,0.09345794392523364,0.009876543209876543
"Lamar Odom","LAL",56,2202,283,3,116,24,2,0,33,0.15225806451612903,0.19627749576988154,0.010869565217391304
"Jamal Crawford","NYK",59,2198,272,43,80,22,9,3,35,0.09368421052631579,0.12861736334405144,0.027439024390243903
"Marvin Williams","ATL",64,2179,265,16,110,15,0,0,22,0.1373283395755306,0.1455026455026455,0
"Chris Kaman","LAC",75,2176,224,0,106,30,0,0,21,0.14560439560439561,0.14580467675378267,0
"Hakim Warrick","MEM",82,2152,388,1,185,37,0,0,27,0.21511627906976744,0.21713615023474178,0
"Earl Watson","SEA",77,2152,147,0,54,11,2,1,23,0.07660738714090287,0.12,0.0071174377224199285
"Ime Udoka","POR",75,2144,89,0,33,7,0,0,15,0.06111111111111111,0.102803738317757,0
"John Salmons","SAC",79,2134,204,2,86,20,0,0,25,0.14751286449399656,0.18259023354564755,0
"Pau Gasol","MEM",59,2133,400,0,185,43,0,0,37,0.185,0.1870576339737108,0
"Zydrunas Ilgauskas","CLE",78,2130,192,14,84,22,0,0,16,0.09824561403508772,0.09836065573770492,0
"Juwan Howard","HOU",80,2123,188,21,80,9,0,0,8,0.10869565217391304,0.10869565217391304,0
"Rudy Gay","MEM",78,2103,209,0,94,23,0,0,22,0.11311672683513839,0.13662790697674418,0
"Luke Ridnour","SEA",71,2091,159,11,55,14,0,0,26,0.07472826086956522,0.09212730318257957,0
"Mikki Moore","NJN",79,2082,235,0,103,23,0,0,27,0.1757679180887372,0.17606837606837608,0
"Devin Harris","DAL",80,2081,261,0,121,39,0,0,29,0.17925925925925926,0.1936,0
"Mike James","MIN",82,2069,184,1,65,14,1,0,32,0.08753315649867374,0.120817843866171,0.004629629629629629
"Chucky Atkins","MEM",75,2064,311,26,83,14,1,0,65,0.1070063694267516,0.17364016736401675,0.003257328990228013
"Manu Ginobili","SAS",75,2061,372,23,145,37,4,0,42,0.15424430641821946,0.2269170579029734,0.012232415902140673
"Tim Thomas","LAC",76,2054,144,1,61,16,1,0,17,0.08062418725617686,0.14805825242718446,0.0028011204481792717
"Andrei Kirilenko","UTA",70,2049,239,2,102,13,0,0,24,0.20118343195266272,0.2361111111111111,0
"Damien Wilkins","SEA",82,2037,170,19,70,9,0,0,10,0.10558069381598793,0.12939001848428835,0
"Michael Redd","MIL",53,2036,416,37,165,50,2,1,48,0.14636283961437335,0.19784172661870503,0.006514657980456026
"Earl Boykins","MIL",66,2031,245,33,59,11,1,0,51,0.07334963325183375,0.10207612456747404,0.004166666666666667
"Zaza Pachulia","ATL",72,2026,373,1,176,34,0,0,27,0.2328042328042328,0.23311258278145697,0
"Josh Childress","ATL",55,2024,210,0,100,28,0,0,19,0.1694915254237288,0.1949317738791423,0
"Shareef Abdur-Rahim","SAC",80,2015,234,0,110,28,0,0,21,0.14945652173913043,0.15363128491620112,0
"Brandon Roy","POR",57,2015,241,8,94,23,0,0,34,0.11244019138755981,0.13623188405797101,0
"Grant Hill","ORL",65,2009,324,22,145,38,0,0,25,0.18904823989569752,0.19205298013245034,0
"Luke Walton","LAL",60,1982,145,0,57,13,0,0,22,0.09484193011647254,0.11949685534591195,0
"Matt Harpring","UTA",77,1965,309,5,112,27,0,0,55,0.15114709851551958,0.15954415954415954,0
"Richard Jefferson","NJN",55,1956,326,4,137,16,0,0,32,0.1743002544529262,0.21372854914196568,0
"Mickael Pietrus","GSW",72,1937,210,0,96,20,2,0,16,0.14759036144578314,0.22748815165876776,0.008264462809917356
"Anderson Varejao","CLE",81,1932,268,0,110,22,0,0,35,0.2249488752556237,0.22916666666666666,0
"Dwyane Wade","MIA",51,1931,535,7,228,53,3,0,58,0.2026315789473684,0.21550094517958412,0.036585365853658534
"Eric Snow","CLE",82,1929,113,0,52,9,0,0,9,0.14168937329700274,0.14325068870523416,0
"Juan Dixon","TOR",81,1926,116,8,42,10,2,2,16,0.05986394557823129,0.0825147347740668,0.008849557522123894
"James Posey","MIA",71,1919,98,3,29,9,0,0,23,0.06415929203539823,0.15025906735751296,0
"Erick Dampier","DAL",76,1915,191,0,89,19,0,0,16,0.2202970297029703,0.2202970297029703,0
"Darko Milicic","ORL",80,1913,230,0,89,14,0,0,33,0.14285714285714285,0.14308681672025725,0
"Jorge Garbajosa","TOR",67,1909,78,0,23,4,0,0,18,0.041970802919708027,0.0647887323943662,0
"Chris Duhon","CHI",78,1905,101,3,32,6,2,1,18,0.06666666666666667,0.12121212121212122,0.008130081300813009
"David West","NOK",52,1900,227,14,86,17,0,0,29,0.09988385598141696,0.10287081339712918,0
"Channing Frye","NYK",72,1896,108,6,40,9,0,0,16,0.05555555555555555,0.05698005698005698,0
"Randy Foye","MIN",82,1879,192,2,75,13,1,0,25,0.10079575596816977,0.13204225352112675,0.005376344086021506
"Matt Carroll","CHA",72,1878,208,30,52,10,8,5,35,0.08534850640113797,0.12009237875288684,0.02962962962962963
"Jason Williams","MIA",61,1865,103,23,29,4,0,0,13,0.04882154882154882,0.09698996655518395,0
"Troy Murphy","IND",68,1852,145,2,61,11,0,0,16,0.09667194928684628,0.12603305785123967,0
"Jason Collins","NJN",80,1844,127,0,44,9,0,0,24,0.23655913978494625,0.2391304347826087,0
"Willie Green","PHI",74,1842,111,1,49,11,1,0,10,0.05512679162072767,0.06542056074766354,0.006329113924050633
"Rajon Rondo","BOS",78,1831,184,0,70,15,0,0,30,0.13861386138613863,0.14705882352941177,0
"Michael Finley","SAS",82,1823,98,28,26,6,0,0,12,0.03806734992679356,0.0654911838790932,0
"Chris Webber","DET",61,1821,160,0,77,12,0,0,9,0.109375,0.1111111111111111,0
"Antoine Walker","MIA",78,1818,105,0,41,9,0,0,16,0.05857142857142857,0.10379746835443038,0
"Matt Barnes","GSW",76,1812,123,0,55,16,1,0,13,0.08383233532934131,0.14588859416445624,0.003436426116838488
"Andrew Bynum","LAL",82,1794,214,0,99,28,0,0,22,0.1926070038910506,0.19373776908023482,0
"Brad Miller","SAC",63,1783,149,1,62,10,0,0,17,0.11355311355311355,0.12085769980506822,0
"Gerald Green","BOS",81,1779,159,3,79,16,0,0,7,0.09850374064837905,0.14522058823529413,0
"Jason Kapono","MIA",67,1767,74,17,12,0,1,0,15,0.022569444444444444,0.03287671232876712,0.004739336492890996
"Antonio Daniels","WAS",80,1761,250,13,108,27,0,0,24,0.2297872340425532,0.26535626535626533,0
"Martell Webster","POR",82,1759,132,1,40,7,6,0,20,0.08662900188323917,0.14545454545454545,0.0234375
"Brendan Haywood","WAS",77,1740,210,0,101,27,0,0,18,0.23543123543123542,0.23543123543123542,0
"Paul Pierce","BOS",47,1740,402,35,141,26,2,0,53,0.14788004136504654,0.20434782608695654,0.007220216606498195
"Jeff Foster","IND",75,1740,122,0,52,14,0,0,16,0.174496644295302,0.1750841750841751,0
"Maurice Evans","LAL",76,1732,155,0,61,13,1,0,22,0.10490693739424704,0.13347921225382933,0.007462686567164179
"David Lee","NYK",58,1731,173,1,89,25,0,0,10,0.19181034482758622,0.19181034482758622,0
"Antonio McDyess","DET",82,1729,139,0,61,15,0,0,16,0.10409556313993173,0.10409556313993173,0
"Nene","DEN",64,1715,283,0,124,31,0,0,33,0.20361247947454844,0.20394736842105263,0
"Chuck Hayes","HOU",78,1714,89,0,36,7,0,0,12,0.0989010989010989,0.0989010989010989,0
"Jannero Pargo","NOK",82,1710,122,14,37,9,3,0,17,0.05532503457814661,0.07240704500978473,0.014150943396226415
"Jamaal Magloire","POR",81,1703,242,0,103,19,0,0,28,0.2150313152400835,0.2150313152400835,0
"Quinton Ross","LAC",81,1700,87,0,37,9,0,0,11,0.09090909090909091,0.09319899244332494,0
"Rasho Nesterovic","TOR",80,1676,50,0,26,8,0,0,3,0.05922551252847381,0.0593607305936073,0
"Jason Richardson","GSW",51,1675,140,0,61,12,6,2,8,0.08513341804320203,0.12629399585921325,0.019736842105263157
"Dahntay Jones","MEM",78,1671,174,0,86,24,0,0,13,0.16443594646271512,0.16829745596868884,0
"Devin Brown","NOK",58,1662,155,5,72,14,0,0,10,0.11745513866231648,0.18652849740932642,0
"Eduardo Najera","DEN",75,1658,123,0,53,18,0,0,19,0.13624678663239073,0.14058355437665782,0
"Brent Barry","SAS",75,1631,117,28,35,7,0,0,13,0.0772626931567329,0.21084337349397592,0
"Andrea Bargnani","TOR",65,1629,142,1,62,13,1,1,14,0.09347181008902077,0.15270935960591134,0.0037313432835820895
"Jarvis Hayes","WAS",81,1626,84,1,33,6,2,0,9,0.06086956521739131,0.08461538461538462,0.010810810810810811
"Yao Ming","HOU",48,1624,413,23,180,34,0,0,33,0.18652849740932642,0.18691588785046728,0
"Quentin Richardson","NYK",49,1621,120,5,46,9,0,0,16,0.07903780068728522,0.1419753086419753,0
"Jerry Stackhouse","DAL",67,1615,215,9,74,15,1,0,35,0.10504201680672269,0.13430127041742287,0.006134969325153374
"Jose Calderon","TOR",77,1613,143,17,52,12,0,0,17,0.09541284403669725,0.11063829787234042,0
"Shaun Livingston","LAC",54,1611,116,0,49,14,0,0,16,0.1012396694214876,0.1047008547008547,0
"Steven Hunter","PHI",70,1605,151,0,74,20,0,0,12,0.19473684210526315,0.19473684210526315,0
"Eddie Jones","MIA",64,1594,75,6,26,7,0,0,12,0.05895691609977324,0.1187214611872146,0
"Sebastian Telfair","BOS",78,1578,110,8,43,12,0,0,14,0.08514851485148515,0.11405835543766578,0
"Kendrick Perkins","BOS",72,1577,100,0,52,12,0,0,4,0.16828478964401294,0.16993464052287582,0
"Tony Battie","ORL",66,1575,77,0,33,9,0,0,11,0.0859375,0.08616187989556136,0
"Alonzo Mourning","MIA",77,1572,308,0,146,33,0,0,25,0.27137546468401486,0.27137546468401486,0
"Marko Jaric","MIN",70,1555,88,0,38,8,0,0,10,0.10704225352112676,0.14074074074074075,0
"Craig Smith","MIN",82,1537,186,0,96,26,0,0,10,0.1801125703564728,0.18216318785578747,0
"Sasha Pavlovic","CLE",67,1534,126,5,58,16,0,0,11,0.10902255639097744,0.15104166666666666,0
"Travis Outlaw","POR",67,1532,181,0,80,12,1,0,15,0.12735849056603774,0.13377926421404682,0.02631578947368421
"Bostjan Nachbar","NJN",76,1531,164,0,69,9,1,0,16,0.12589928057553956,0.23793103448275862,0.0037593984962406013
"Brian Skinner","MIL",67,1523,79,0,42,11,0,0,3,0.14788732394366197,0.14788732394366197,0
"Morris Peterson","TOR",71,1515,123,2,56,17,4,2,9,0.10752688172043011,0.21455938697318008,0.013468013468013467
"Shelden Williams","ATL",81,1513,144,0,68,15,0,0,12,0.16267942583732056,0.1642512077294686,0
"Johan Petro","SEA",81,1510,77,0,35,7,0,0,7,0.07510729613733906,0.07510729613733906,0
"Joe Smith","PHI",65,1503,148,1,66,21,0,0,19,0.12643678160919541,0.1276595744680851,0
"Gary Payton","MIA",68,1503,57,4,18,3,0,0,10,0.047244094488188976,0.06976744186046512,0
"Damon Stoudamire","MEM",62,1501,83,26,15,1,0,0,14,0.03325942350332594,0.05434782608695652,0
"Tyronn Lue","ATL",56,1488,163,17,44,8,0,0,33,0.07857142857142857,0.11027568922305764,0
"Linas Kleiza","DEN",79,1488,135,2,61,7,0,0,9,0.11553030303030302,0.1986970684039088,0
"DeSagana Diop","DAL",81,1480,86,0,39,6,0,0,7,0.21195652173913043,0.21311475409836064,0
"Flip Murray","DET",69,1477,120,0,50,10,0,0,15,0.10460251046025104,0.12658227848101267,0
"Paul Millsap","UTA",82,1472,208,0,90,18,0,0,23,0.19148936170212766,0.19271948608137046,0
"JR Smith","DEN",63,1471,126,3,55,12,5,3,8,0.08708272859216255,0.18032786885245902,0.013020833333333334
"P.J. Brown","CHI",72,1456,122,0,55,6,0,0,9,0.11777301927194861,0.11827956989247312,0
"Keyon Dooling","ORL",66,1435,141,10,50,11,2,1,19,0.10441767068273092,0.12468827930174564,0.020618556701030927
"Kenny Thomas","SAC",62,1412,76,0,36,6,0,0,5,0.10810810810810811,0.10843373493975904,0
"Francisco Garcia","SAC",79,1409,114,7,32,9,1,0,25,0.08168316831683169,0.12598425196850394,0.006666666666666667
"Sam Cassell","LAC",58,1408,182,21,62,13,0,0,25,0.09198813056379822,0.10973451327433628,0
"Andres Nocioni","CHI",53,1406,145,0,54,16,0,0,27,0.08681672025723473,0.13075060532687652,0
"LaMarcus Aldridge","POR",63,1392,115,0,54,13,0,0,10,0.10384615384615385,0.10424710424710425,0
"James Jones","PHX",76,1376,81,2,27,6,9,3,5,0.07708779443254818,0.1210762331838565,0.036885245901639344
"Carlos Delfino","DET",82,1372,89,0,40,5,0,0,7,0.09732360097323602,0.14652014652014653,0
"Greg Buckner","DAL",76,1372,34,0,13,4,0,0,6,0.04220779220779221,0.06341463414634146,0
"Fabricio Oberto","SAS",79,1365,51,0,25,8,0,0,5,0.08389261744966443,0.08389261744966443,0
"Donyell Marshall","CLE",81,1360,80,0,27,5,2,1,14,0.0562015503875969,0.11065573770491803,0.007352941176470588
"Nate Robinson","NYK",64,1356,139,6,54,16,4,0,15,0.10265486725663717,0.15517241379310345,0.018433179723502304
"Corliss Williamson","SAC",68,1337,207,1,97,24,0,0,18,0.18097014925373134,0.18164794007490637,0
"Francisco Elson","SAS",70,1333,80,0,37,8,0,0,7,0.1189710610932476,0.11974110032362459,0
"Bobby Jackson","NOK",56,1330,168,1,72,16,1,1,19,0.12717770034843207,0.17603911980440098,0.006060606060606061
"Fred Jones","POR",63,1319,114,2,51,13,0,0,12,0.12781954887218044,0.1881918819188192,0
"Joey Graham","TOR",79,1319,131,3,61,16,0,0,11,0.14087759815242495,0.1517412935323383,0
"Marcus Williams","NJN",79,1314,85,0,42,12,1,0,5,0.07719928186714542,0.10687022900763359,0.006097560975609756
"Jared Jeffries","NYK",55,1307,68,0,37,9,0,0,2,0.1581196581196581,0.17289719626168223,0
"Carlos Arroyo","ORL",72,1304,166,15,72,21,0,0,14,0.13610586011342155,0.1506276150627615,0
"Anthony Johnson","ATL",67,1300,61,0,17,3,0,0,15,0.047619047619047616,0.05985915492957746,0
"Dorell Wright","MIA",66,1292,86,1,40,11,0,0,8,0.10178117048346055,0.11142061281337047,0
"Dikembe Mutombo","HOU",75,1289,87,0,34,5,0,0,12,0.18681318681318682,0.18681318681318682,0
"Devean George","DAL",60,1283,48,0,23,7,0,0,5,0.05958549222797927,0.09745762711864407,0
"Trevor Ariza","ORL",57,1278,171,0,84,23,0,0,13,0.19444444444444445,0.1976470588235294,0
"Darrell Armstrong","IND",81,1275,93,7,16,5,3,0,25,0.04859335038363171,0.09195402298850575,0.013824884792626729
"Brevin Knight","CHA",45,1273,128,13,48,7,0,0,13,0.1188118811881188,0.12435233160621761,0
"Etan Thomas","WAS",65,1246,138,0,69,18,0,0,9,0.21036585365853658,0.21036585365853658,0
"Mickael Gelabale","SEA",70,1239,82,0,36,12,0,0,11,0.125,0.14937759336099585,0
"Steve Francis","NYK",44,1237,211,11,93,20,3,1,14,0.22966507177033493,0.30491803278688523,0.02654867256637168
"Kurt Thomas","PHX",67,1208,71,0,31,7,0,0,8,0.10954063604240283,0.1099290780141844,0
"Derek Anderson","CHA",50,1190,106,8,31,10,4,2,19,0.11041009463722397,0.1901840490797546,0.025974025974025976
"Gordan Giricek","UTA",61,1188,87,6,22,3,0,0,20,0.055,0.07913669064748201,0
"Yakhouba Diawara","DEN",64,1176,53,0,28,7,0,0,2,0.08945686900958466,0.1958041958041958,0
"Damon Jones","CLE",60,1173,44,16,4,2,4,0,5,0.0221606648199446,0.031746031746031744,0.01702127659574468
"Rodney Carney","PHI",67,1169,87,0,41,8,0,0,7,0.09647058823529411,0.11614730878186968,0
"Antoine Wright","NJN",63,1137,73,0,36,9,0,0,5,0.12949640287769784,0.1643835616438356,0
"Shaquille O'Neal","MIA",40,1135,294,0,140,37,0,0,26,0.24054982817869416,0.24054982817869416,0
"Kwame Brown","LAL",41,1132,134,0,64,28,0,0,17,0.2302158273381295,0.23104693140794225,0
"Reggie Evans","DEN",66,1127,183,0,71,12,0,0,29,0.2591240875912409,0.2591240875912409,0
"Robert Horry","SAS",68,1124,64,0,16,3,1,0,16,0.06415094339622641,0.1391304347826087,0.006666666666666667
"Jordan Farmar","LAL",72,1090,38,2,14,6,0,0,7,0.046357615894039736,0.08484848484848485,0
"Ronny Turiaf","LAL",72,1087,134,0,55,17,0,0,21,0.17973856209150327,0.18032786885245902,0
"Renaldo Balkman","NYK",67,1064,90,0,40,8,0,0,9,0.13029315960912052,0.14285714285714285,0
"Speedy Claxton","ATL",42,1054,60,0,20,5,1,1,12,0.07167235494880546,0.07547169811320754,0.03571428571428571
"Jake Voskuhl","CHA",73,1043,113,0,52,11,0,0,10,0.17567567567567569,0.17567567567567569,0
"Lorenzen Wright","ATL",67,1035,32,0,14,4,0,0,4,0.07253886010362694,0.07253886010362694,0
"Salim Stoudamire","ATL",61,1034,68,6,21,7,1,0,12,0.05,0.07394366197183098,0.00641025641025641
"Stromile Swift","MEM",54,1029,134,0,59,12,0,0,14,0.15012722646310434,0.15206185567010308,0
"Brian Scalabrine","BOS",54,1027,23,1,12,2,0,0,0,0.05970149253731343,0.13186813186813187,0
"Marc Jackson","NOK",56,1025,103,0,52,15,0,0,7,0.1223529411764706,0.12264150943396226,0
"Brian Cook","LAL",65,1018,47,1,20,2,0,0,4,0.046948356807511735,0.06430868167202572,0
"Keith Bogans","ORL",59,990,63,7,23,2,0,0,6,0.08646616541353383,0.17829457364341086,0
"Daniel Gibson","CLE",60,987,39,0,14,7,4,1,4,0.07468879668049792,0.12280701754385964,0.031496062992125984
"Vladimir Radmanovic","LAL",55,986,73,0,30,7,0,0,10,0.08849557522123894,0.13574660633484162,0
"Charlie Villanueva","MIL",39,984,89,1,40,6,0,0,7,0.09592326139088729,0.12084592145015106,0
"Ersan Ilyasova","MIL",66,973,89,0,40,12,1,0,9,0.10459183673469388,0.1646090534979424,0.006711409395973154
"Sarunas Jasikevicius","GSW",63,972,95,20,24,7,0,0,17,0.07079646017699115,0.11483253588516747,0
"Lawrence Roberts","MEM",54,969,131,0,60,15,0,0,13,0.23715415019762845,0.23904382470119523,0
"Tarence Kinsey","MEM",48,967,98,2,42,5,1,0,7,0.12573099415204678,0.1423728813559322,0.02127659574468085
"Tyrus Thomas","CHI",72,966,175,0,76,10,0,0,18,0.21839080459770116,0.21965317919075145,0
"Clifford Robinson","NJN",50,955,36,0,8,0,0,0,10,0.035398230088495575,0.05,0
"Beno Udrih","SAS",73,948,60,1,18,3,0,0,13,0.05013927576601671,0.07377049180327869,0
"Eddie House","NJN",56,945,36,7,10,2,1,1,5,0.02564102564102564,0.03937007874015748,0.005714285714285714
"Jason Maxiell","DET",67,943,137,0,69,13,0,0,6,0.2169811320754717,0.2169811320754717,0
"Walter Herrmann","CHA",48,935,53,4,15,7,0,0,13,0.04437869822485207,0.06726457399103139,0
"Sasha Vujacic","LAL",73,934,49,5,11,1,5,1,5,0.05673758865248227,0.09401709401709402,0.030303030303030304
"Kevin Ollie","PHI",53,919,45,3,21,6,0,0,3,0.10396039603960396,0.105,0
"Jarron Collins","UTA",82,913,83,0,31,7,0,0,14,0.15979381443298968,0.15979381443298968,0
"Wally Szczerbiak","BOS",32,900,126,16,41,12,0,0,20,0.09832134292565947,0.13183279742765272,0
"Thabo Sefolosha","CHI",71,868,45,0,19,5,0,0,6,0.07037037037037037,0.08333333333333333,0
"Sergio Rodriguez","POR",67,862,26,0,7,2,0,0,7,0.028688524590163935,0.0440251572327044,0
"Nenad Krstic","NJN",26,849,121,0,53,15,0,0,15,0.14681440443213298,0.14722222222222223,0
"Jason Hart","LAC",36,845,47,2,12,1,0,0,11,0.05106382978723404,0.05825242718446602,0
"Dan Gadzuric","MIL",54,840,90,0,42,8,0,0,7,0.16030534351145037,0.16091954022988506,0
"Primoz Brezec","CHA",58,838,68,0,28,4,0,0,8,0.09395973154362416,0.09491525423728814,0
"Sean May","CHA",35,838,112,0,53,10,0,0,8,0.14285714285714285,0.14402173913043478,0
"Malik Rose","NYK",65,810,52,0,20,3,0,0,8,0.09852216748768473,0.10256410256410256,0
"Tony Allen","BOS",33,805,134,3,61,19,0,0,14,0.2026578073089701,0.22761194029850745,0
"Marquis Daniels","IND",45,800,80,2,30,9,1,0,12,0.10231023102310231,0.10869565217391304,0.037037037037037035
"David Noel","MIL",68,791,43,0,14,3,0,0,9,0.07446808510638298,0.1037037037037037,0
"Mardy Collins","NYK",52,777,82,0,31,6,0,0,13,0.1225296442687747,0.15048543689320387,0
"Nazr Mohammed","DET",51,773,82,0,40,12,0,0,7,0.16,0.16,0
"Jacque Vaughn","SAS",64,760,65,0,19,3,0,0,15,0.10382513661202186,0.10497237569060773,0
"Ike Diogu","IND",59,760,140,1,65,15,0,0,12,0.20569620253164558,0.20569620253164558,0
"Alexander Johnson","MEM",59,753,118,0,51,12,0,0,14,0.24519230769230768,0.24519230769230768,0
"Lindsey Hunter","DET",52,744,33,1,12,2,0,0,5,0.047244094488188976,0.08888888888888889,0
"Austin Croshere","DAL",61,727,52,1,24,5,0,0,5,0.0995850622406639,0.16,0
"Linton Johnson","NOK",54,720,37,0,13,3,0,0,7,0.065,0.07647058823529412,0
"Leon Powe","BOS",62,720,144,0,70,14,0,0,9,0.30042918454935624,0.30303030303030304,0
"Keith McLeod","IND",48,718,78,8,23,3,3,0,9,0.12322274881516587,0.1411042944785276,0.0625
"Daniel Ewing","LAC",61,712,45,0,15,1,0,0,8,0.08571428571428572,0.11450381679389313,0
"Allan Ray","BOS",47,709,55,0,26,5,1,1,4,0.09642857142857143,0.15853658536585366,0.008620689655172414
"Jeff McInnis","CHA",38,702,32,1,13,3,0,0,4,0.06806282722513089,0.07103825136612021,0
"Joel Przybilla","POR",43,701,27,0,12,4,0,0,4,0.13953488372093023,0.13953488372093023,0
"Darius Songaila","WAS",37,700,54,0,17,4,0,0,12,0.07142857142857142,0.07203389830508475,0
"Michael Doleac","MIA",56,698,41,0,14,3,0,0,8,0.07526881720430108,0.07567567567567568,0
"Lou Williams","PHI",61,688,92,0,42,12,0,0,10,0.17427385892116182,0.20588235294117646,0
"Andray Blatche","WAS",56,682,49,0,21,5,0,0,6,0.09859154929577464,0.11290322580645161,0
"Ronnie Brewer","UTA",56,675,83,0,41,9,0,0,5,0.18222222222222223,0.18981481481481483,0
"Kris Humphries","TOR",60,670,79,0,39,10,0,0,6,0.1822429906542056,0.1822429906542056,0
"Kelenna Azubuike","GSW",41,669,78,1,36,5,0,0,5,0.14342629482071714,0.20930232558139536,0
"Josh Boone","NJN",61,669,103,0,50,11,0,0,7,0.23809523809523808,0.23809523809523808,0
"Solomon Jones","ATL",58,666,75,0,35,5,0,0,5,0.22151898734177214,0.2229299363057325,0
"Matt Bonner","SAS",56,653,38,0,14,4,0,0,7,0.05668016194331984,0.0915032679738562,0
"Malik Allen","CHI",60,638,34,0,16,4,0,0,3,0.05925925925925926,0.05947955390334572,0
"Hilton Armstrong","NOK",56,634,67,0,38,10,0,0,1,0.24836601307189543,0.24836601307189543,0
"JJ Redick","ORL",42,622,60,4,13,1,5,1,9,0.08530805687203792,0.11926605504587157,0.049019607843137254
"Bonzi Wells","HOU",28,590,82,0,44,14,0,0,4,0.18565400843881857,0.19130434782608696,0
"Adrian Griffin","CHI",54,585,19,0,7,1,0,0,3,0.05185185185185185,0.05426356589147287,0
"Ronnie Price","SAC",58,563,55,0,22,4,1,0,6,0.12041884816753927,0.176,0.015151515151515152
"Kirk Snyder","HOU",39,562,75,0,36,7,0,0,5,0.2057142857142857,0.2748091603053435,0
"Shawne Williams","IND",46,556,20,0,10,4,0,0,2,0.060240963855421686,0.08771929824561403,0
"Rashad McCants","MIN",37,554,58,0,22,0,0,0,7,0.11055276381909548,0.1774193548387097,0
"Troy Hudson","MIN",34,554,32,2,4,0,0,0,11,0.020100502512562814,0.03361344537815126,0
"Junior Harrington","MEM",29,543,46,0,18,0,0,0,5,0.11612903225806452,0.13953488372093023,0
"Royal Ivey","ATL",53,538,35,0,10,1,0,0,8,0.06578947368421052,0.07352941176470588,0
"Cedric Simmons","NOK",43,534,33,0,12,1,0,0,5,0.08391608391608392,0.08391608391608392,0
"Mike Wilks","SEA",47,534,42,2,14,3,1,0,6,0.09803921568627451,0.10218978102189781,0.0625
"Marcus Banks","PHX",45,503,60,1,28,5,0,0,4,0.1278538812785388,0.14736842105263157,0
"Hassan Adams","NJN",60,495,36,0,16,2,0,0,3,0.10738255033557047,0.10810810810810811,0
"Roger Mason Jr.","WAS",62,492,16,0,5,1,1,0,2,0.03260869565217391,0.06172839506172839,0.009708737864077669
"Adonal Foyle","GSW",48,475,25,0,8,1,0,0,5,0.08695652173913043,0.08695652173913043,0
"Mark Madsen","MIN",56,473,29,0,7,0,0,0,8,0.14,0.14,0
"Dale Davis","DET",46,464,26,0,14,2,0,0,0,0.16279069767441862,0.16279069767441862,0
"Bo Outlaw","ORL",41,460,22,0,6,2,0,0,6,0.10909090909090909,0.10909090909090909,0
"Dee Brown","UTA",49,449,37,3,10,2,0,0,8,0.09433962264150944,0.1282051282051282,0
"Dan Dickau","POR",50,444,53,8,10,4,3,0,10,0.08125,0.10416666666666667,0.046875
"Lynn Greer","MIL",41,432,32,0,14,3,1,0,2,0.09803921568627451,0.14,0.018867924528301886
"Peja Stojakovic","NOK",13,425,38,2,15,6,0,0,6,0.07317073170731707,0.12396694214876033,0
"DerMarr Johnson","DEN",39,419,21,0,10,1,0,0,1,0.06134969325153374,0.13333333333333333,0
"Alan Henderson","PHI",38,418,47,0,24,8,0,0,4,0.2891566265060241,0.2891566265060241,0
"Chris Quinn","MIA",42,408,37,0,10,3,0,0,10,0.07246376811594203,0.12345679012345678,0
"Maceo Baston","IND",47,404,47,0,21,8,0,0,7,0.23595505617977527,0.25609756097560976,0
"Jake Tsakalidis","HOU",36,389,39,0,19,5,0,0,3,0.22093023255813954,0.22093023255813954,0
"Michael Sweetney","CHI",48,385,66,0,34,12,0,0,5,0.21794871794871795,0.21794871794871795,0
"John Lucas III","HOU",47,383,19,3,7,2,0,0,2,0.043478260869565216,0.06862745098039216,0
"Calvin Booth","WAS",44,380,10,0,2,0,0,0,3,0.029411764705882353,0.030303030303030304,0
"James Singleton","LAC",53,376,29,0,7,1,0,0,8,0.07954545454545454,0.0945945945945946,0
"Aaron Williams","LAC",38,374,22,0,10,0,0,0,1,0.15873015873015872,0.16129032258064516,0
"CJ Miles","UTA",37,372,23,0,8,0,1,0,2,0.072,0.08695652173913043,0.030303030303030304
"Donell Taylor","WAS",47,369,21,0,8,1,0,0,3,0.05442176870748299,0.06153846153846154,0
"Rawle Marshall","IND",40,361,45,0,16,1,0,0,7,0.15384615384615385,0.18604651162790697,0
"Quincy Douby","SAC",42,359,15,1,6,2,0,0,2,0.046153846153846156,0.075,0
"Josh Powell","GSW",37,353,42,0,16,2,0,0,6,0.14953271028037382,0.14953271028037382,0
"David Wesley","CLE",35,352,28,2,9,2,0,0,5,0.10975609756097561,0.20454545454545456,0
"Raef LaFrentz","POR",27,352,26,0,13,4,0,0,2,0.11711711711711711,0.14772727272727273,0
"Shammond Williams","LAL",30,345,6,0,2,0,0,0,1,0.022727272727272728,0.05263157894736842,0
"Bobby Jones","PHI",44,335,41,0,15,3,0,0,7,0.14285714285714285,0.15625,0
"Justin Williams","SAC",26,333,63,0,30,9,0,0,6,0.27522935779816515,0.2777777777777778,0
"Justin Reed","MIN",41,318,30,0,13,2,0,0,3,0.11016949152542373,0.11016949152542373,0
"Brian Cardinal","MEM",28,313,27,1,8,1,1,0,4,0.0967741935483871,0.16666666666666666,0.022222222222222223
"Melvin Ely","SAS",30,309,47,0,16,1,0,0,8,0.16842105263157894,0.16842105263157894,0
"Travis Diener","ORL",26,288,15,5,1,1,1,0,3,0.024691358024691357,0.03333333333333333,0.0196078431372549
"Bernard Robinson","NJN",31,278,27,0,11,3,0,0,4,0.15714285714285714,0.16176470588235295,0
"Pat Garrity","ORL",33,277,18,1,6,0,1,0,1,0.09090909090909091,0.13636363636363635,0.030303030303030304
"Jerome James","NYK",41,273,18,0,7,2,0,0,3,0.08333333333333333,0.08333333333333333,0
"Vassilis Spanoulis","HOU",31,272,42,0,17,2,0,0,5,0.19540229885057472,0.29310344827586204,0
"Andre Brown","SEA",38,271,15,0,9,5,0,0,1,0.11538461538461539,0.11688311688311688,0
"Michael Ruffin","WAS",30,270,19,0,6,1,0,0,4,0.2608695652173913,0.2608695652173913,0
"Alan Anderson","CHA",17,256,23,0,11,5,0,0,3,0.12643678160919541,0.16417910447761194,0
"Orien Greene","IND",41,254,25,0,11,3,0,0,3,0.15714285714285714,0.1864406779661017,0
"Rafael Araujo","UTA",28,247,29,0,11,1,0,0,4,0.14666666666666667,0.14666666666666667,0
"Jalen Rose","PHX",29,246,12,0,2,0,0,0,4,0.022727272727272728,0.04878048780487805,0
"Jared Reiner","MIL",27,243,10,1,5,1,0,0,0,0.10638297872340426,0.10638297872340426,0
"Michael Olowokandi","BOS",24,234,3,0,2,1,0,0,0,0.0425531914893617,0.0425531914893617,0
"Viktor Khryapa","CHI",33,231,26,0,8,0,0,0,5,0.10256410256410256,0.1111111111111111,0
"Scott Padgett","MEM",31,231,13,0,5,1,0,0,2,0.08333333333333333,0.18518518518518517,0
"Anthony Roberson","GSW",20,227,3,1,0,0,0,0,1,0,0,0
"Othella Harrington","CHA",26,220,22,0,7,0,0,0,4,0.1111111111111111,0.1111111111111111,0
"Darrick Martin","TOR",31,220,21,2,5,0,1,0,3,0.06,0.08064516129032258,0.02631578947368421
"Maurice Ager","DAL",32,214,33,0,12,1,0,0,5,0.14814814814814814,0.18181818181818182,0
"Earl Barron","MIA",28,203,18,0,8,2,0,0,2,0.0898876404494382,0.09090909090909091,0
"Shannon Brown","CLE",23,201,14,0,8,2,0,0,0,0.1,0.14545454545454545,0
"Cedric Bozeman","ATL",23,199,6,0,1,0,0,0,2,0.025,0.037037037037037035,0
"J.J. Barea","DAL",33,191,24,0,13,4,0,0,1,0.14942528735632185,0.19696969696969696,0
"Steve Novak","HOU",35,191,2,0,1,0,0,0,0,0.0196078431372549,0.08333333333333333,0
"Bracey Wright","MIN",19,190,18,0,9,0,0,0,0,0.13043478260869565,0.1836734693877551,0
"David Harrison","IND",24,190,22,0,13,4,0,0,0,0.19402985074626866,0.19402985074626866,0
"Ryan Hollins","CHA",27,185,40,0,15,4,0,0,7,0.3191489361702128,0.3191489361702128,0
"Paul Davis","LAC",31,180,10,0,6,2,0,0,0,0.10714285714285714,0.10714285714285714,0
"Shavlik Randolph","PHI",13,179,22,0,12,2,0,0,0,0.20689655172413793,0.20689655172413793,0
"Kyle Lowry","MEM",10,175,28,0,10,2,0,0,5,0.21739130434782608,0.2631578947368421,0
"Damir Markota","MIL",30,170,11,0,5,1,0,0,1,0.08928571428571429,0.125,0
"Mouhamed Sene","SEA",28,169,29,0,7,1,0,0,8,0.12727272727272726,0.12727272727272726,0
"Will Blalock","DET",14,166,6,0,3,0,0,0,0,0.09090909090909091,0.10714285714285714,0
"Stephen Graham","POR",14,165,9,0,4,1,0,0,1,0.09302325581395349,0.125,0
"Pat Burke","PHX",23,164,13,0,8,2,0,0,0,0.11267605633802817,0.16326530612244897,0
"Brandon Bass","NOK",21,162,16,0,8,0,0,0,0,0.15384615384615385,0.1568627450980392,0
"Danny Fortson","SEA",14,158,13,0,8,5,0,0,1,0.24242424242424243,0.25,0
"Matt Freije","ATL",19,147,6,0,2,0,0,0,1,0.03571428571428571,0.058823529411764705,0
"Jumaine Jones","PHX",18,138,2,0,1,1,1,1,0,0.0392156862745098,0.05263157894736842,0.03125
"Luke Jackson","TOR",13,138,9,0,4,1,0,0,1,0.08695652173913043,0.13793103448275862,0
"James White","SAS",6,137,15,0,7,1,0,0,1,0.14893617021276595,0.175,0
"Robert Hite","MIA",12,136,12,0,5,2,0,0,2,0.07936507936507936,0.125,0
"Aaron McKie","LAL",10,131,0,0,0,0,0,0,0,0,0,0
"Ira Newble","CLE",15,129,10,0,4,1,1,0,0,0.12195121951219512,0.16,0.0625
"Jamal Sampson","DEN",22,124,14,0,7,0,0,0,0,0.3333333333333333,0.35,0
"Amir Johnson","DET",8,124,14,0,6,2,0,0,2,0.16216216216216217,0.17647058823529413,0
"Eric Williams","CHA",21,121,14,0,8,2,0,0,0,0.1509433962264151,0.23529411764705882,0
"Patrick O'Bryant","GSW",16,119,17,0,8,1,0,0,1,0.20512820512820512,0.20512820512820512,0
"Luke Schenscher","POR",11,118,7,0,4,1,0,0,0,0.15384615384615385,0.15384615384615385,0
"Scot Pollard","CLE",24,109,4,0,1,0,0,0,1,0.037037037037037035,0.037037037037037035,0
"Marcus Vinicius","NOK",13,103,7,0,3,1,0,0,1,0.17647058823529413,0.3,0
"Maurice Taylor","SAC",12,103,13,0,4,1,0,0,3,0.12903225806451613,0.12903225806451613,0
"Jackie Butler","SAS",11,103,10,0,5,2,0,0,1,0.13157894736842105,0.13157894736842105,0
"Kevinn Pinkney","BOS",6,100,9,0,5,1,0,0,0,0.16129032258064516,0.1724137931034483,0
"Kelvin Cato","NYK",18,95,12,0,4,0,0,0,2,0.15384615384615385,0.15384615384615385,0
"Ronald Dupree","DET",19,94,9,0,3,1,0,0,2,0.09090909090909091,0.09090909090909091,0
"Wayne Simien","MIA",8,93,7,0,4,1,0,0,0,0.15384615384615385,0.15384615384615385,0
"Eddie Griffin","MIN",13,92,5,0,3,1,0,0,0,0.10344827586206896,0.10714285714285714,0
"Lou Amundson","PHI",11,89,10,0,4,0,0,0,1,0.21052631578947367,0.21052631578947367,0
"PJ Tucker","TOR",17,83,14,0,7,2,0,0,1,0.25925925925925924,0.25925925925925924,0
"Doug Christie","LAC",7,82,3,0,2,0,0,0,0,0.10526315789473684,0.15384615384615385,0
"Esteban Batista","ATL",13,81,7,0,4,1,0,0,0,0.21052631578947367,0.21052631578947367,0
"Slava Medvedenko","ATL",14,81,20,0,7,0,0,0,3,0.19444444444444445,0.20588235294117646,0
"Andreas Glyniadakis","SEA",13,81,2,0,1,0,0,0,0,0.05555555555555555,0.05555555555555555,0
"DJ Mbenga","DAL",21,79,8,0,3,0,0,0,1,0.15789473684210525,0.15789473684210525,0
"Eric Piatkowski","PHX",11,73,2,0,1,0,0,0,0,0.038461538461538464,0.125,0
"Uros Slokar","TOR",20,72,13,0,5,1,0,0,2,0.16666666666666666,0.17857142857142858,0
"Pops Mensah-Bonsu","DAL",12,71,18,0,3,0,0,0,6,0.15,0.15,0
"Julius Hodge","MIL",9,64,4,0,0,0,0,0,2,0,0,0
"Kenyon Martin","DEN",2,63,12,0,7,2,0,0,0,0.3333333333333333,0.35,0
"James Lang","WAS",11,55,5,0,2,1,0,0,1,0.2,0.2,0
"Will Conroy","LAC",7,51,4,0,1,0,0,0,1,0.25,0.25,0
"Dijon Thompson","ATL",6,50,6,0,4,2,0,0,0,0.23529411764705882,0.26666666666666666,0
"Theo Ratliff","BOS",2,44,4,0,1,0,0,0,1,0.25,0.25,0
"Randolph Morris","NYK",5,44,6,0,2,0,0,0,1,0.25,0.25,0
"Kevin Willis","DAL",5,43,2,0,1,0,0,0,0,0.07142857142857142,0.07142857142857142,0
"Ivan McFarlin","PHI",11,41,7,0,3,1,0,0,1,0.2,0.21428571428571427,0
"Yaroslav Korolev","LAC",10,41,6,0,0,0,0,0,3,0,0,0
"Anthony Carter","DEN",2,37,0,0,0,0,0,0,0,0,0,0
"Pape Sow","TOR",7,34,6,0,4,2,0,0,0,0.36363636363636365,0.36363636363636365,0
"Desmon Farmer","SEA",8,32,1,0,1,1,0,0,0,0.06666666666666667,0.14285714285714285,0
"Andre Barrett","CHI",6,29,0,0,0,0,0,0,0,0,0,0
"Steven Smith","PHI",8,28,2,0,1,0,0,0,0,0.1111111111111111,0.1111111111111111,0
"Renaldo Major","GSW",1,27,2,0,0,0,0,0,1,0,0,0
"Randy Livingston","SEA",4,26,0,0,0,0,0,0,0,0,0,0
"Jeremy Richardson","POR",6,20,0,0,0,0,0,0,0,0,0,0
"Dwayne Jones","CLE",4,18,6,0,2,0,0,0,1,0.6666666666666666,0.6666666666666666,0
"Sean Marks","PHX",3,17,2,0,1,0,0,0,0,0.14285714285714285,0.16666666666666666,0
"Roger Powell","UTA",3,13,2,0,1,0,0,0,0,0.25,0.3333333333333333,0
"Vitaly Potapenko","SAC",3,13,0,0,0,0,0,0,0,0,0,0
"Mike Hall","WAS",2,13,0,0,0,0,0,0,0,0,0,0
"Chris McCray","MIL",5,12,0,0,0,0,0,0,0,0,0,0
"Alvin Williams","LAC",2,10,4,0,0,0,0,0,2,0,0,0
"James Augustine","ORL",2,7,0,0,0,0,0,0,0,0,0,0
"Dajuan Wagner","GSW",1,7,2,0,1,0,0,0,0,0.5,1,0
"Mile Ilic","NJN",5,6,0,0,0,0,0,0,0,0,0,0
"Von Wafer","LAC",1,1,0,0,0,0,0,0,0,0,0,0