"Name","TeamAbbreviation","GamesPlayed","Minutes","OffPoss","Points","FG2M","FG2A","Fg2Pct","FG3M","FG3A","Fg3Pct","NonHeaveFg3Pct","FtPoints","PtsAssisted2s","PtsUnassisted2s","PtsAssisted3s","PtsUnassisted3s","Assisted2sPct","NonPutbacksAssisted2sPct","Assisted3sPct","FG3APct","ShotQualityAvg","EfgPct","TsPct","PtsPutbacks","Fg2aBlocked","FG2APctBlocked","Fg3aBlocked","FG3APctBlocked","Usage"
"Pascal Siakam","TOR",6,260,488,137,47,90,0.5222222222222223,4,17,0.23529411764705882,0.23529411764705882,31,22,72,12,0,0.23404255319148937,0.24444444444444444,1,0.1588785046728972,0.4718672897196262,0.4953271028037383,0.556910569105691,4,4,0.044444444444444446,0,0,24.81751824817518
"Dorian Finney-Smith","DAL",6,260,487,79,11,18,0.6111111111111112,17,43,0.3953488372093023,0.3953488372093023,6,16,6,48,3,0.7272727272727273,0.8,0.9411764705882353,0.7049180327868853,0.5560155737704918,0.5983606557377049,0.6171875,2,4,0.2222222222222222,0,0,12.781954887218044
"Reggie Bullock","DAL",6,254,482,64,4,5,0.8,17,42,0.40476190476190477,0.40476190476190477,5,8,0,51,0,1,1,1,0.8936170212765957,0.5635042553191489,0.6276595744680851,0.6458333333333334,0,1,0.2,0,0,9.615384615384615
"Tyrese Maxey","PHI",6,252,477,128,32,55,0.5818181818181818,15,37,0.40540540540540543,0.40540540540540543,19,32,32,36,9,0.5,0.5161290322580645,0.8,0.40217391304347827,0.5182364130434783,0.592391304347826,0.6363636363636364,2,1,0.01818181818181818,0,0,20.604914933837428
"Mikal Bridges","PHX",6,251,485,104,30,54,0.5555555555555556,8,15,0.5333333333333333,0.5333333333333333,20,48,12,24,0,0.8,0.8275862068965517,1,0.21739130434782608,0.5455659420289856,0.6086956521739131,0.6582278481012658,2,3,0.05555555555555555,1,0.06666666666666667,16.571428571428573
"Tobias Harris","PHI",6,245,456,107,27,47,0.574468085106383,13,30,0.43333333333333335,0.43333333333333335,14,26,28,36,3,0.48148148148148145,0.48148148148148145,0.9230769230769231,0.38961038961038963,0.5238824675324675,0.6038961038961039,0.6294117647058823,0,3,0.06382978723404255,0,0,18.73767258382643
"James Harden","PHI",6,243,455,114,19,45,0.4222222222222222,13,34,0.38235294117647056,0.38235294117647056,37,6,32,12,27,0.15789473684210525,0.15789473684210525,0.3076923076923077,0.43037974683544306,0.5244854430379747,0.4873417721518987,0.5816326530612245,0,10,0.2222222222222222,1,0.029411764705882353,23.471400394477318
"Brandon Ingram","NOP",6,236,459,162,45,91,0.4945054945054945,11,27,0.4074074074074074,0.4230769230769231,39,42,48,30,3,0.4666666666666667,0.4772727272727273,0.9090909090909091,0.2288135593220339,0.45458931623931625,0.5211864406779662,0.583941605839416,2,4,0.04395604395604396,0,0,28.96174863387978
"CJ McCollum","NOP",6,234,456,133,32,74,0.43243243243243246,17,51,0.3333333333333333,0.3333333333333333,18,16,48,30,21,0.25,0.26666666666666666,0.5882352941176471,0.408,0.4871744,0.46,0.4854014598540146,4,5,0.06756756756756757,0,0,27.787934186471666
"Joel Embiid","PHI",6,234,438,157,48,79,0.6075949367088608,4,21,0.19047619047619047,0.19047619047619047,49,60,36,12,0,0.625,0.6818181818181818,1,0.21,0.4984765,0.54,0.623015873015873,8,6,0.0759493670886076,0,0,30.16528925619835
"Donovan Mitchell","UTA",6,229,436,153,43,85,0.5058823529411764,10,48,0.20833333333333334,0.20833333333333334,37,16,70,9,21,0.18604651162790697,0.2,0.3,0.3609022556390977,0.4929086466165413,0.43609022556390975,0.5033112582781457,6,4,0.047058823529411764,0,0,34.0122199592668
"Jalen Brunson","DAL",6,228,427,167,49,93,0.5268817204301075,12,33,0.36363636363636365,0.36363636363636365,33,10,88,21,15,0.10204081632653061,0.10204081632653061,0.5833333333333334,0.2619047619047619,0.47094404761904757,0.5317460317460317,0.5851063829787234,0,4,0.043010752688172046,0,0,31.317494600431967
"Desmond Bane","MEM",6,228,482,141,21,41,0.5121951219512195,27,56,0.48214285714285715,0.48214285714285715,18,32,10,75,6,0.7619047619047619,0.7619047619047619,0.9259259259259259,0.5773195876288659,0.5455020618556701,0.634020618556701,0.6571428571428571,0,8,0.1951219512195122,3,0.05357142857142857,20.49910873440285
"Anthony Edwards","MIN",6,227,477,151,27,53,0.5094339622641509,23,57,0.40350877192982454,0.40350877192982454,28,16,38,39,30,0.2962962962962963,0.2962962962962963,0.5652173913043478,0.5181818181818182,0.526765,0.5590909090909091,0.5992063492063492,0,3,0.05660377358490566,0,0,27.06333973128599
"Herbert Jones","NOP",6,226,439,64,16,32,0.5,5,12,0.4166666666666667,0.4166666666666667,17,20,12,15,0,0.625,0.6666666666666666,1,0.2727272727272727,0.5315,0.5340909090909091,0.6037735849056604,2,2,0.0625,0,0,11.663479923518164
"Ja Morant","MEM",6,222,465,129,35,81,0.43209876543209874,4,20,0.2,0.2,47,10,60,3,9,0.14285714285714285,0.15151515151515152,0.25,0.19801980198019803,0.5584638613861387,0.40594059405940597,0.49615384615384617,4,11,0.13580246913580246,0,0,28.571428571428573
"Karl-Anthony Towns","MIN",6,222,468,131,29,58,0.5,10,22,0.45454545454545453,0.47619047619047616,43,40,18,24,6,0.6896551724137931,0.8,0.8,0.275,0.547109493670886,0.55,0.6421568627450981,8,11,0.1896551724137931,0,0,25.146198830409357
"Chris Paul","PHX",6,221,424,134,43,64,0.671875,8,26,0.3076923076923077,0.32,24,12,74,0,24,0.13953488372093023,0.14285714285714285,0,0.28888888888888886,0.4550634831460674,0.6111111111111112,0.6568627450980392,2,1,0.015625,0,0,24.342105263157897
"OG Anunoby","TOR",6,216,406,104,25,41,0.6097560975609756,14,41,0.34146341463414637,0.35,12,20,30,39,3,0.4,0.4166666666666667,0.9285714285714286,0.5,0.5345104938271605,0.5609756097560976,0.5842696629213483,2,5,0.12195121951219512,1,0.024390243902439025,22.19730941704036
"Bojan Bogdanovic","UTA",6,214,403,108,28,48,0.5833333333333334,11,33,0.3333333333333333,0.3333333333333333,19,36,20,33,0,0.6428571428571429,0.6428571428571429,1,0.4074074074074074,0.4895802469135802,0.5493827160493827,0.5815217391304348,0,4,0.08333333333333333,0,0,22.958057395143488
"Deandre Ayton","PHX",6,210,401,123,54,76,0.7105263157894737,2,4,0.5,0.5,9,92,16,6,0,0.8518518518518519,0.9387755102040817,1,0.05,0.476846875,0.7125,0.7235294117647059,10,3,0.039473684210526314,0,0,21.49532710280374
"DeMar DeRozan","CHI",5,203,422,104,39,86,0.45348837209302323,0,9,0,0,26,22,56,0,0,0.28205128205128205,0.28205128205128205,0,0.09473684210526316,0.46228842105263157,0.4105263157894737,0.47706422018348627,0,8,0.09302325581395349,0,0,25.91792656587473
"Spencer Dinwiddie","DAL",6,200,374,92,20,49,0.40816326530612246,10,34,0.29411764705882354,0.30303030303030304,22,14,26,21,9,0.35,0.3684210526315789,0.7,0.40963855421686746,0.4751737804878049,0.42168674698795183,0.4791666666666667,2,5,0.10204081632653061,0,0,26.52068126520681
"Dillon Brooks","MEM",6,200,418,99,23,61,0.3770491803278688,13,35,0.37142857142857144,0.37142857142857144,14,24,22,36,3,0.5217391304347826,0.5454545454545454,0.9230769230769231,0.3645833333333333,0.5302385416666667,0.4427083333333333,0.4666666666666667,2,7,0.11475409836065574,0,0,24.897119341563783
"Gary Trent Jr.","TOR",6,199,379,92,18,43,0.4186046511627907,13,39,0.3333333333333333,0.3333333333333333,17,14,22,36,3,0.3888888888888889,0.3888888888888889,0.9230769230769231,0.47560975609756095,0.49387134146341466,0.4573170731707317,0.5,0,3,0.06976744186046512,0,0,21.83098591549296
"Rudy Gobert","UTA",6,197,365,72,21,33,0.6363636363636364,0,0,0,0,30,32,10,0,0,0.7619047619047619,0.9411764705882353,0,0,0.5922030303030303,0.6363636363636364,0.6666666666666666,8,0,0,0,0,14.726840855106888
"D'Angelo Russell","MIN",6,196,418,72,12,41,0.2926829268292683,12,31,0.3870967741935484,0.3870967741935484,12,6,18,21,15,0.25,0.25,0.5833333333333334,0.4305555555555556,0.5135854166666667,0.4166666666666667,0.44871794871794873,0,5,0.12195121951219512,0,0,20.562770562770563
"Patrick Beverley","MIN",6,194,397,66,12,23,0.5217391304347826,9,26,0.34615384615384615,0.34615384615384615,15,12,12,24,3,0.5,0.5454545454545454,0.8888888888888888,0.5306122448979592,0.5617061224489796,0.5204081632653061,0.5689655172413793,2,2,0.08695652173913043,0,0,16.091954022988507
"Royce O'Neale","UTA",6,188,349,37,7,10,0.7,7,25,0.28,0.28,2,14,0,21,0,1,1,1,0.7142857142857143,0.5595457142857143,0.5,0.5138888888888888,0,1,0.1,0,0,9.75
"Danny Green","PHI",6,188,349,54,3,9,0.3333333333333333,16,44,0.36363636363636365,0.37209302325581395,0,2,4,48,0,0.3333333333333333,1,1,0.8301886792452831,0.5601057692307692,0.5094339622641509,0.5094339622641509,4,1,0.1111111111111111,2,0.045454545454545456,14.948453608247423
"Trae Young","ATL",5,186,365,77,15,31,0.4838709677419355,7,38,0.18421052631578946,0.18421052631578946,26,4,26,12,9,0.13333333333333333,0.14285714285714285,0.5714285714285714,0.5507246376811594,0.504336231884058,0.3695652173913043,0.4578313253012048,2,2,0.06451612903225806,0,0,27.764127764127764
"Nikola Vucevic","CHI",5,181,373,97,27,49,0.5510204081632653,13,42,0.30952380952380953,0.30952380952380953,4,40,14,39,0,0.7407407407407407,0.8,1,0.46153846153846156,0.5081005494505495,0.510989010989011,0.521505376344086,4,2,0.04081632653061224,0,0,24.754901960784313
"Jrue Holiday","MIL",5,180,372,82,23,52,0.4423076923076923,10,29,0.3448275862068966,0.37037037037037035,6,12,34,18,12,0.2608695652173913,0.2727272727272727,0.6,0.35802469135802467,0.5112943037974683,0.4691358024691358,0.4823529411764706,2,1,0.019230769230769232,0,0,25.67237163814181
"Brandon Clarke","MEM",6,177,380,99,38,55,0.6909090909090909,0,1,0,0,23,52,24,0,0,0.6842105263157895,0.896551724137931,0,0.017857142857142856,0.5714741071428572,0.6785714285714286,0.6971830985915493,18,7,0.12727272727272726,0,0,17.045454545454543
"Kevin Durant","BKN",4,176,347,105,25,62,0.4032258064516129,7,21,0.3333333333333333,0.3333333333333333,34,20,30,9,12,0.4,0.43478260869565216,0.42857142857142855,0.25301204819277107,0.45992891566265065,0.42771084337349397,0.5198019801980198,4,7,0.11290322580645161,0,0,31.362467866323907
"Jonas Valanciunas","NOP",6,175,334,87,32,62,0.5161290322580645,1,6,0.16666666666666666,0.16666666666666666,20,32,32,3,0,0.5,0.7272727272727273,1,0.08823529411764706,0.5020735294117646,0.49264705882352944,0.5506329113924051,20,5,0.08064516129032258,0,0,22.63681592039801
"De'Andre Hunter","ATL",5,175,337,106,27,44,0.6136363636363636,12,26,0.46153846153846156,0.46153846153846156,16,30,24,33,3,0.5555555555555556,0.5555555555555556,0.9166666666666666,0.37142857142857144,0.5095314285714286,0.6428571428571429,0.6708860759493671,0,1,0.022727272727272728,1,0.038461538461538464,24.390243902439025
"Mike Conley","UTA",6,174,331,55,14,32,0.4375,5,25,0.2,0.2,12,12,16,0,15,0.42857142857142855,0.42857142857142855,0,0.43859649122807015,0.47298684210526315,0.37719298245614036,0.4296875,0,0,0,0,0,20.157068062827225
"Klay Thompson","GSW",5,173,343,113,21,37,0.5675675675675675,22,48,0.4583333333333333,0.4583333333333333,5,32,10,63,3,0.7619047619047619,0.7619047619047619,0.9545454545454546,0.5647058823529412,0.49851411764705883,0.6352941176470588,0.6420454545454546,0,1,0.02702702702702703,1,0.020833333333333332,25
"Will Barton","DEN",5,172,344,69,16,38,0.42105263157894735,11,28,0.39285714285714285,0.4074074074074074,4,18,14,33,0,0.5625,0.6428571428571429,1,0.42424242424242425,0.46269923076923075,0.49242424242424243,0.5,4,6,0.15789473684210525,1,0.03571428571428571,19.65174129353234
"Jae Crowder","PHX",6,172,336,45,13,22,0.5909090909090909,3,26,0.11538461538461539,0.11538461538461539,10,18,8,6,3,0.6923076923076923,0.75,0.6666666666666666,0.5416666666666666,0.5056552083333333,0.3645833333333333,0.4326923076923077,2,2,0.09090909090909091,1,0.038461538461538464,16.201117318435752
"Nikola Jokic","DEN",5,171,346,155,56,88,0.6363636363636364,5,18,0.2777777777777778,0.2777777777777778,28,62,50,15,0,0.5535714285714286,0.5961538461538461,1,0.16981132075471697,0.4465193396226415,0.5990566037735849,0.6352459016393442,8,5,0.056818181818181816,0,0,36.5
"Kyrie Irving","BKN",4,170,333,85,20,42,0.47619047619047616,8,21,0.38095238095238093,0.38095238095238093,21,12,28,6,18,0.3,0.3157894736842105,0.25,0.3333333333333333,0.48125806451612907,0.5079365079365079,0.5821917808219178,2,2,0.047619047619047616,1,0.047619047619047616,21.92513368983957
"Jordan Clarkson","UTA",6,170,318,105,31,49,0.6326530612244898,9,24,0.375,0.391304347826087,16,8,54,24,3,0.12903225806451613,0.13793103448275862,0.8888888888888888,0.3287671232876712,0.472075,0.6095890410958904,0.6481481481481481,4,1,0.02040816326530612,1,0.041666666666666664,25
"Giannis Antetokounmpo","MIL",5,168,352,143,48,75,0.64,2,13,0.15384615384615385,0.15384615384615385,41,30,66,0,6,0.3125,0.35714285714285715,0,0.14772727272727273,0.558025,0.5795454545454546,0.6217391304347826,12,6,0.08,1,0.07692307692307693,34.0153452685422
"Cameron Johnson","PHX",6,167,325,66,13,22,0.5909090909090909,10,28,0.35714285714285715,0.35714285714285715,10,14,12,30,0,0.5384615384615384,0.6363636363636364,1,0.56,0.566614,0.56,0.5892857142857143,4,2,0.09090909090909091,0,0,17.366946778711487
"Jayson Tatum","BOS",4,167,326,118,23,48,0.4791666666666667,13,31,0.41935483870967744,0.41935483870967744,33,20,26,27,12,0.43478260869565216,0.43478260869565216,0.6923076923076923,0.3924050632911392,0.534626582278481,0.5379746835443038,0.6145833333333334,0,6,0.125,2,0.06451612903225806,30.606860158311346
"Precious Achiuwa","TOR",6,167,313,61,20,36,0.5555555555555556,5,16,0.3125,0.3125,6,26,14,15,0,0.65,0.6842105263157895,1,0.3076923076923077,0.5768980769230769,0.5288461538461539,0.5446428571428571,2,6,0.16666666666666666,0,0,18.78612716763006
"Draymond Green","GSW",5,164,329,48,14,23,0.6086956521739131,4,11,0.36363636363636365,0.36363636363636365,8,26,2,9,3,0.9285714285714286,0.9285714285714286,0.75,0.3235294117647059,0.4608926470588235,0.5882352941176471,0.6153846153846154,0,1,0.043478260869565216,0,0,12.912087912087912
"Jordan Poole","GSW",5,162,318,105,19,31,0.6129032258064516,15,31,0.4838709677419355,0.4838709677419355,22,12,26,18,27,0.3157894736842105,0.3157894736842105,0.4,0.5,0.4842975806451613,0.6693548387096774,0.7357142857142858,0,2,0.06451612903225806,2,0.06451612903225806,23.098591549295776
"Aaron Gordon","DEN",5,160,318,69,20,39,0.5128205128205128,3,15,0.2,0.2,20,26,14,9,0,0.65,0.8125,1,0.2777777777777778,0.5107703703703704,0.4537037037037037,0.5227272727272727,8,3,0.07692307692307693,1,0.06666666666666667,19.733333333333334
"Bam Adebayo","MIA",5,157,306,62,22,42,0.5238095238095238,0,0,0,0,18,32,12,0,0,0.7272727272727273,0.9411764705882353,0,0,0.4988714285714286,0.5238095238095238,0.5961538461538461,10,1,0.023809523809523808,0,0,18.857142857142858
"Monte Morris","DEN",5,156,314,70,14,25,0.56,11,26,0.4230769230769231,0.4230769230769231,9,10,18,30,3,0.35714285714285715,0.35714285714285715,0.9090909090909091,0.5098039215686274,0.4845754901960784,0.5980392156862745,0.6363636363636364,0,0,0,1,0.038461538461538464,17.5
"Jaylen Brown","BOS",4,155,302,90,32,54,0.5925925925925926,4,19,0.21052631578947367,0.21052631578947367,14,32,32,6,6,0.5,0.5,0.5,0.2602739726027397,0.5070369863013698,0.5205479452054794,0.5555555555555556,0,7,0.12962962962962962,0,0,26.07449856733524
"Kevin Huerter","ATL",5,154,289,46,8,16,0.5,9,31,0.2903225806451613,0.2903225806451613,3,10,6,15,12,0.625,0.625,0.5555555555555556,0.6595744680851063,0.5363489361702128,0.4574468085106383,0.46938775510204084,0,1,0.0625,1,0.03225806451612903,18.46153846153846
"Patrick Williams","CHI",5,153,318,59,15,26,0.5769230769230769,7,21,0.3333333333333333,0.3333333333333333,8,16,14,21,0,0.5333333333333333,0.6666666666666666,1,0.44680851063829785,0.5297755319148937,0.5425531914893617,0.5673076923076923,6,2,0.07692307692307693,0,0,17.201166180758015
"Zach LaVine","CHI",4,153,316,77,18,39,0.46153846153846156,9,24,0.375,0.375,14,16,20,27,0,0.4444444444444444,0.4444444444444444,1,0.38095238095238093,0.5301087301587302,0.5,0.5579710144927537,0,5,0.1282051282051282,0,0,23.546511627906977
"Stephen Curry","GSW",5,150,309,140,27,45,0.6,19,47,0.40425531914893614,0.40425531914893614,29,20,34,30,27,0.37037037037037035,0.37037037037037035,0.5263157894736842,0.5108695652173914,0.4780451086956522,0.6032608695652174,0.6428571428571429,0,2,0.044444444444444446,0,0,34.705882352941174
"Andrew Wiggins","GSW",5,150,303,70,20,38,0.5263157894736842,7,13,0.5384615384615384,0.5384615384615384,9,28,12,21,0,0.7,0.7368421052631579,1,0.2549019607843137,0.4860578431372549,0.5980392156862745,0.603448275862069,2,1,0.02631578947368421,0,0,19.21921921921922
"Jimmy Butler","MIA",4,149,287,122,37,65,0.5692307692307692,7,16,0.4375,0.4375,27,32,42,9,12,0.43243243243243246,0.4444444444444444,0.42857142857142855,0.19753086419753085,0.5401537037037037,0.5864197530864198,0.6630434782608695,2,1,0.015384615384615385,1,0.0625,29.393939393939394
"Jaren Jackson Jr.","MEM",6,147,305,71,14,33,0.42424242424242425,10,28,0.35714285714285715,0.35714285714285715,13,18,10,30,0,0.6428571428571429,0.75,1,0.45901639344262296,0.5406475409836066,0.47540983606557374,0.5144927536231884,4,6,0.18181818181818182,0,0,22.50712250712251
"Marcus Smart","BOS",4,147,294,66,14,25,0.56,10,32,0.3125,0.3225806451612903,8,6,22,30,0,0.21428571428571427,0.3,1,0.5614035087719298,0.5483910714285715,0.5087719298245614,0.532258064516129,8,4,0.16,0,0,20.699708454810494
"Max Strus","MIA",5,144,282,70,9,14,0.6428571428571429,16,45,0.35555555555555557,0.35555555555555557,4,10,8,45,3,0.5555555555555556,0.7142857142857143,0.9375,0.7627118644067796,0.5749887931034483,0.559322033898305,0.5737704918032787,4,1,0.07142857142857142,0,0,20.560747663551403
"Brook Lopez","MIL",5,144,293,66,20,36,0.5555555555555556,5,15,0.3333333333333333,0.3333333333333333,11,30,10,12,3,0.75,0.8333333333333334,0.8,0.29411764705882354,0.540886274509804,0.5392156862745098,0.6,4,4,0.1111111111111111,0,0,18.404907975460123
"Tyler Herro","MIA",5,142,282,64,20,36,0.5555555555555556,5,28,0.17857142857142858,0.17857142857142858,9,18,22,12,3,0.45,0.45,0.8,0.4375,0.49998174603174605,0.4296875,0.45588235294117646,0,1,0.027777777777777776,0,0,25.078369905956112
"P.J. Tucker","MIA",5,141,273,48,10,15,0.6666666666666666,8,15,0.5333333333333333,0.5333333333333333,4,16,4,24,0,0.8,0.8,1,0.5,0.5637933333333333,0.7333333333333333,0.75,0,0,0,0,0,11.003236245954692
"Maxi Kleber","DAL",6,140,258,62,4,6,0.6666666666666666,16,31,0.5161290322580645,0.5161290322580645,6,6,2,48,0,0.75,1,1,0.8378378378378378,0.5363972972972972,0.7567567567567568,0.7560975609756098,2,1,0.16666666666666666,0,0,16.60649819494585
"Fred VanVleet","TOR",4,140,253,55,7,18,0.3888888888888889,12,36,0.3333333333333333,0.3333333333333333,5,0,14,21,15,0,0,0.5833333333333334,0.6666666666666666,0.5077759259259259,0.46296296296296297,0.48214285714285715,0,3,0.16666666666666666,0,0,20.689655172413794
"Wesley Matthews","MIL",5,139,284,34,2,4,0.5,10,21,0.47619047619047616,0.47619047619047616,0,2,2,30,0,0.5,0.5,1,0.84,0.579686,0.68,0.6538461538461539,0,1,0.25,0,0,9.235668789808917
"Bruce Brown","BKN",4,139,267,56,15,23,0.6521739130434783,6,14,0.42857142857142855,0.42857142857142855,8,22,8,18,0,0.7333333333333333,0.8461538461538461,1,0.3783783783783784,0.5424283783783783,0.6486486486486487,0.6666666666666666,4,3,0.13043478260869565,0,0,17.05685618729097
"Delon Wright","ATL",5,137,267,41,10,16,0.625,5,13,0.38461538461538464,0.38461538461538464,6,4,16,12,3,0.2,0.4,0.8,0.4482758620689655,0.5510051724137931,0.603448275862069,0.6212121212121212,10,1,0.0625,0,0,12.624584717607974
"Scottie Barnes","TOR",4,133,258,51,16,30,0.5333333333333333,2,12,0.16666666666666666,0.18181818181818182,13,14,18,6,0,0.4375,0.4666666666666667,1,0.2857142857142857,0.5031817073170731,0.4523809523809524,0.53125,2,1,0.03333333333333333,0,0,18.466898954703833
"Seth Curry","BKN",4,132,249,58,10,16,0.625,12,23,0.5217391304347826,0.5217391304347826,2,14,6,36,0,0.7,0.7,1,0.5897435897435898,0.507825641025641,0.717948717948718,0.725,0,1,0.0625,1,0.043478260869565216,15.412186379928315
"Jaden McDaniels","MIN",6,130,284,56,8,14,0.5714285714285714,10,20,0.5,0.5,10,12,4,30,0,0.75,0.8571428571428571,1,0.5882352941176471,0.5734941176470588,0.6764705882352942,0.7,2,0,0,0,0,14.983713355048861
"Chris Boucher","TOR",6,130,249,67,20,27,0.7407407407407407,6,15,0.4,0.4,9,24,16,18,0,0.6,0.8571428571428571,1,0.35714285714285715,0.5982345238095238,0.6904761904761905,0.7127659574468085,12,3,0.1111111111111111,0,0,17.132867132867133
"Larry Nance Jr.","NOP",6,130,251,55,20,30,0.6666666666666666,2,9,0.2222222222222222,0.25,9,16,24,6,0,0.4,0.6153846153846154,1,0.23076923076923078,0.5207355263157895,0.5897435897435898,0.625,14,1,0.03333333333333333,0,0,16.72240802675585
"Jarred Vanderbilt","MIN",6,129,264,33,13,27,0.48148148148148145,0,0,0,0,7,20,6,0,0,0.7692307692307693,0.8333333333333334,0,0,0.645511111111111,0.48148148148148145,0.55,2,5,0.18518518518518517,0,0,11.864406779661016
"Al Horford","BOS",4,128,251,52,11,19,0.5789473684210527,9,15,0.6,0.6,3,12,10,24,3,0.5454545454545454,0.8571428571428571,0.8888888888888888,0.4411764705882353,0.5590926470588236,0.7205882352941176,0.7428571428571429,8,4,0.21052631578947367,0,0,13.10344827586207
"Gabe Vincent","MIA",5,126,244,42,5,12,0.4166666666666667,9,25,0.36,0.36,5,6,4,21,6,0.6,0.6,0.7777777777777778,0.6756756756756757,0.5378067567567567,0.5,0.5526315789473685,0,1,0.08333333333333333,1,0.04,16.071428571428573
"John Collins","ATL",5,122,238,47,15,28,0.5357142857142857,4,11,0.36363636363636365,0.36363636363636365,5,22,8,12,0,0.7333333333333333,0.8461538461538461,1,0.28205128205128205,0.5239807692307692,0.5384615384615384,0.5595238095238095,4,0,0,0,0,18.217054263565892
"Grayson Allen","MIL",5,120,252,65,10,16,0.625,14,24,0.5833333333333334,0.5833333333333334,3,8,12,42,0,0.4,0.4,1,0.6,0.56193,0.775,0.7926829268292683,0,1,0.0625,0,0,16.176470588235293
"Trey Murphy III","NOP",6,120,232,31,0,3,0,9,19,0.47368421052631576,0.47368421052631576,4,0,0,27,0,0,0,1,0.8636363636363636,0.5066272727272727,0.6136363636363636,0.625,0,0,0,0,0,9.29368029739777
"Bobby Portis","MIL",5,119,250,58,13,24,0.5416666666666666,9,25,0.36,0.36,5,10,16,27,0,0.38461538461538464,0.4166666666666667,1,0.5102040816326531,0.504819387755102,0.5408163265306123,0.5471698113207547,2,1,0.041666666666666664,0,0,22.021660649819495
"Malik Beasley","MIN",6,119,257,51,11,19,0.5789473684210527,8,25,0.32,0.32,5,12,10,24,0,0.5454545454545454,0.6,1,0.5681818181818182,0.5800204545454546,0.5227272727272727,0.5434782608695652,2,3,0.15789473684210525,1,0.04,18.705035971223023
"Grant Williams","BOS",4,119,231,45,7,10,0.7,8,16,0.5,0.5,7,12,2,21,3,0.8571428571428571,1,0.875,0.6153846153846154,0.5819576923076923,0.7307692307692307,0.75,2,1,0.1,0,0,11.985018726591761
"Kyle Anderson","MEM",6,117,252,30,12,18,0.6666666666666666,0,2,0,0,6,12,12,0,0,0.5,0.5,0,0.1,0.55609,0.6,0.6521739130434783,0,1,0.05555555555555555,0,0,8.934707903780069
"Jose Alvarado","NOP",6,117,221,48,10,17,0.5882352941176471,6,16,0.375,0.375,10,8,12,18,0,0.4,0.4,1,0.48484848484848486,0.5138530303030303,0.5757575757575758,0.6153846153846154,0,1,0.058823529411764705,0,0,17.358490566037737
"Tyus Jones","MEM",6,115,241,56,9,21,0.42857142857142855,10,20,0.5,0.5,8,8,10,24,6,0.4444444444444444,0.5,0.8,0.4878048780487805,0.5032231707317073,0.5853658536585366,0.6086956521739131,2,1,0.047619047619047616,0,0,19.494584837545126
"Alex Caruso","CHI",4,113,231,25,2,5,0.4,7,18,0.3888888888888889,0.3888888888888889,0,4,0,15,6,1,1,0.7142857142857143,0.782608695652174,0.5655782608695652,0.5434782608695652,0.5434782608695652,0,1,0.2,0,0,9.523809523809524
"Jeff Green","DEN",5,113,221,19,3,9,0.3333333333333333,3,8,0.375,0.375,4,2,4,9,0,0.3333333333333333,0.5,1,0.47058823529411764,0.48874411764705883,0.4411764705882353,0.5,2,1,0.1111111111111111,1,0.125,8.045977011494253
"Pat Connaughton","MIL",5,113,233,42,3,5,0.6,11,31,0.3548387096774194,0.3548387096774194,3,6,0,33,0,1,1,1,0.8611111111111112,0.5426888888888889,0.5416666666666666,0.5675675675675675,0,0,0,0,0,15.810276679841898
"Danuel House Jr.","UTA",6,112,210,26,7,12,0.5833333333333334,2,10,0.2,0.2222222222222222,6,12,2,6,0,0.8571428571428571,1,1,0.45454545454545453,0.5185738095238095,0.45454545454545453,0.5,2,0,0,0,0,13.445378151260504
"Danilo Gallinari","ATL",5,112,216,51,14,30,0.4666666666666667,4,15,0.26666666666666666,0.26666666666666666,11,16,12,9,3,0.5714285714285714,0.6153846153846154,0.75,0.3333333333333333,0.4939211111111111,0.4444444444444444,0.51,2,1,0.03333333333333333,0,0,22.267206477732792
"Otto Porter Jr.","GSW",5,109,213,17,5,9,0.5555555555555556,2,13,0.15384615384615385,0.15384615384615385,1,10,0,6,0,1,1,1,0.5909090909090909,0.4884590909090909,0.36363636363636365,0.3695652173913043,0,0,0,0,0,11.965811965811966
"Luka Doncic","DAL",3,109,210,87,19,34,0.5588235294117647,11,30,0.36666666666666664,0.36666666666666664,16,6,32,9,24,0.15789473684210525,0.15789473684210525,0.2727272727272727,0.46875,0.47572421875,0.5546875,0.5958904109589042,0,3,0.08823529411764706,0,0,37.77777777777778
"Austin Rivers","DEN",5,108,216,21,4,6,0.6666666666666666,4,12,0.3333333333333333,0.36363636363636365,1,2,6,12,0,0.25,0.25,1,0.6666666666666666,0.4934647058823529,0.5555555555555556,0.5833333333333334,0,2,0.3333333333333333,0,0,9.282700421940929
"Onyeka Okongwu","ATL",5,108,206,26,9,16,0.5625,0,0,0,0,8,12,6,0,0,0.6666666666666666,1,0,0,0.59095,0.5625,0.65,6,4,0.25,0,0,10.0418410041841
"Bogdan Bogdanovic","ATL",4,107,209,57,11,23,0.4782608695652174,9,26,0.34615384615384615,0.34615384615384615,8,2,20,21,6,0.09090909090909091,0.1111111111111111,0.7777777777777778,0.5306122448979592,0.5183918367346939,0.5,0.5277777777777778,4,2,0.08695652173913043,0,0,24.786324786324787
"Dwight Powell","DAL",6,106,193,25,10,16,0.625,0,2,0,0,5,18,2,0,0,0.9,1,0,0.1111111111111111,0.6394333333333333,0.5555555555555556,0.5681818181818182,2,2,0.125,0,0,12.616822429906541
"Georges Niang","PHI",6,105,204,40,2,2,1,12,18,0.6666666666666666,0.6666666666666666,0,4,0,36,0,1,1,1,0.9,0.5254325,1,1,0,0,0,1,0.05555555555555555,10.222222222222221
"Coby White","CHI",5,98,201,42,7,16,0.4375,8,29,0.27586206896551724,0.2857142857142857,4,8,6,24,0,0.5714285714285714,0.5714285714285714,1,0.6444444444444445,0.5195272727272727,0.4222222222222222,0.44680851063829785,0,1,0.0625,1,0.034482758620689655,23.766816143497756
"Landry Shamet","PHX",5,98,190,23,6,9,0.6666666666666666,3,14,0.21428571428571427,0.21428571428571427,2,10,2,9,0,0.8333333333333334,0.8333333333333334,1,0.6086956521739131,0.5346891304347826,0.45652173913043476,0.4791666666666667,0,1,0.1111111111111111,2,0.14285714285714285,13.023255813953488
"Nic Claxton","BKN",4,98,190,42,19,24,0.7916666666666666,0,0,0,0,4,28,10,0,0,0.7368421052631579,1,0,0,0.6258541666666667,0.7916666666666666,0.6176470588235294,10,0,0,0,0,17.475728155339805
"Devin Booker","PHX",3,98,191,69,13,25,0.52,12,25,0.48,0.48,7,10,16,27,9,0.38461538461538464,0.38461538461538464,0.75,0.5,0.489441,0.62,0.6509433962264151,0,0,0,0,0,28.292682926829272
"Cameron Payne","PHX",6,90,175,34,10,24,0.4166666666666667,3,18,0.16666666666666666,0.16666666666666666,5,4,16,0,9,0.2,0.2,0,0.42857142857142855,0.4926833333333333,0.34523809523809523,0.37777777777777777,0,1,0.041666666666666664,1,0.05555555555555555,26.395939086294415
"Kyle Lowry","MIA",3,89,177,25,3,7,0.42857142857142855,5,16,0.3125,0.3333333333333333,4,4,2,12,3,0.6666666666666666,0.6666666666666666,0.8,0.6956521739130435,0.5148772727272727,0.45652173913043476,0.5,0,1,0.14285714285714285,0,0,14.583333333333334
"Daniel Theis","BOS",4,88,174,34,13,18,0.7222222222222222,1,7,0.14285714285714285,0.14285714285714285,5,22,4,3,0,0.8461538461538461,0.9166666666666666,1,0.28,0.54699,0.58,0.6071428571428571,2,0,0,0,0,17.08542713567839
"Thaddeus Young","TOR",6,87,168,20,8,11,0.7272727272727273,1,7,0.14285714285714285,0.14285714285714285,1,10,6,3,0,0.625,0.8333333333333334,1,0.3888888888888889,0.5270416666666667,0.5277777777777778,0.5,4,1,0.09090909090909091,0,0,12.23404255319149
"Bones Hyland","DEN",5,87,169,46,5,13,0.38461538461538464,8,23,0.34782608695652173,0.34782608695652173,12,0,10,15,9,0,0,0.625,0.6388888888888888,0.48660833333333336,0.4722222222222222,0.5348837209302325,0,2,0.15384615384615385,1,0.043478260869565216,25.520833333333336
"Ayo Dosunmu","CHI",5,86,180,20,5,13,0.38461538461538464,3,13,0.23076923076923078,0.23076923076923078,1,4,6,9,0,0.4,0.5,1,0.5,0.5212846153846153,0.36538461538461536,0.38461538461538464,2,0,0,0,0,14.871794871794872
"Gary Payton II","GSW",5,85,160,34,6,9,0.6666666666666666,6,8,0.75,0.75,4,8,4,18,0,0.6666666666666666,1,1,0.47058823529411764,0.4780617647058824,0.8823529411764706,0.85,4,2,0.2222222222222222,0,0,11.299435028248588
"Jordan McLaughlin","MIN",5,83,181,31,8,10,0.8,4,7,0.5714285714285714,0.5714285714285714,3,8,8,12,0,0.5,0.5,1,0.4117647058823529,0.5134058823529412,0.8235294117647058,0.8157894736842105,0,1,0.1,0,0,10.880829015544041
"Jaxson Hayes","NOP",6,83,161,35,14,22,0.6363636363636364,0,3,0,0,7,24,4,0,0,0.8571428571428571,0.8571428571428571,0,0.12,0.568036,0.56,0.5833333333333334,0,3,0.13636363636363635,0,0,17.80104712041885
"Derrick White","BOS",4,81,160,21,7,12,0.5833333333333334,1,11,0.09090909090909091,0.09090909090909091,4,8,6,3,0,0.5714285714285714,0.5714285714285714,1,0.4782608695652174,0.5378521739130434,0.3695652173913043,0.42,0,1,0.08333333333333333,0,0,15.135135135135135
"Xavier Tillman","MEM",5,80,164,24,11,14,0.7857142857142857,0,1,0,0,2,20,2,0,0,0.9090909090909091,0.9090909090909091,0,0.06666666666666667,0.6428233333333334,0.7333333333333333,0.7058823529411765,0,0,0,0,0,12.041884816753928
"Jevon Carter","MIL",5,79,163,12,3,7,0.42857142857142855,2,5,0.4,0.4,0,2,4,6,0,0.3333333333333333,0.3333333333333333,1,0.4166666666666667,0.5420041666666667,0.5,0.5,0,0,0,0,0,7.909604519774011
"Goran Dragic","BKN",4,79,156,42,14,20,0.7,4,12,0.3333333333333333,0.3333333333333333,2,2,26,12,0,0.07142857142857142,0.07142857142857142,1,0.375,0.4816234375,0.625,0.65625,0,0,0,0,0,21.38728323699422
"Bryn Forbes","DEN",5,76,153,20,2,4,0.5,4,11,0.36363636363636365,0.4,4,2,2,9,3,0.5,0.5,0.75,0.7333333333333333,0.5101321428571428,0.5333333333333333,0.5882352941176471,0,2,0.5,0,0,11.377245508982037
"Patty Mills","BKN",4,72,148,25,2,3,0.6666666666666666,7,13,0.5384615384615384,0.5384615384615384,0,2,2,21,0,0.5,0.5,1,0.8125,0.529178125,0.78125,0.78125,0,0,0,0,0,10.303030303030303
"Shake Milton","PHI",6,72,139,24,4,7,0.5714285714285714,3,6,0.5,0.5,7,6,2,9,0,0.75,0.75,1,0.46153846153846156,0.5027923076923076,0.6538461538461539,0.75,0,1,0.14285714285714285,0,0,11.03896103896104
"Javonte Green","CHI",5,72,155,7,3,11,0.2727272727272727,0,6,0,0,1,2,4,0,0,0.3333333333333333,0.5,0,0.35294117647058826,0.5796058823529412,0.17647058823529413,0.19444444444444445,2,1,0.09090909090909091,0,0,12.64367816091954
"Khris Middleton","MIL",2,72,148,29,4,10,0.4,6,14,0.42857142857142855,0.42857142857142855,3,0,8,15,3,0,0,0.8333333333333334,0.5833333333333334,0.5380625,0.5416666666666666,0.58,0,1,0.1,0,0,21.42857142857143
"JaMychal Green","DEN",5,69,130,20,5,11,0.45454545454545453,1,5,0.2,0.25,7,8,2,3,0,0.8,0.8,1,0.3125,0.5392899999999999,0.40625,0.5263157894736842,0,3,0.2727272727272727,0,0,14.383561643835616
"Josh Green","DAL",6,68,126,18,2,4,0.5,4,19,0.21052631578947367,0.21052631578947367,2,2,2,12,0,0.5,0.5,1,0.8260869565217391,0.5625108695652173,0.34782608695652173,0.34615384615384615,0,1,0.25,0,0,17.808219178082194
"Kevon Looney","GSW",5,67,126,12,5,9,0.5555555555555556,0,0,0,0,2,8,2,0,0,0.8,1,0,0,0.4427888888888889,0.5555555555555556,0.5454545454545454,2,3,0.3333333333333333,0,0,8.333333333333334
"JaVale McGee","PHX",6,66,125,50,21,26,0.8076923076923077,0,0,0,0,8,34,8,0,0,0.8095238095238095,0.9444444444444444,0,0,0.5301076923076923,0.8076923076923077,0.8064516129032258,6,1,0.038461538461538464,0,0,23.28767123287671
"Duncan Robinson","MIA",5,66,125,36,1,1,1,10,19,0.5263157894736842,0.5263157894736842,4,2,0,30,0,1,1,1,0.95,0.5354075,0.8,0.8571428571428571,0,0,0,0,0,16.546762589928058
"Hassan Whiteside","UTA",6,65,120,11,5,12,0.4166666666666667,0,0,0,0,1,2,8,0,0,0.2,0.5,0,0,0.4847916666666667,0.4166666666666667,0.39285714285714285,6,1,0.08333333333333333,0,0,10.21897810218978
"Taurean Prince","MIN",5,65,151,30,6,13,0.46153846153846156,4,14,0.2857142857142857,0.2857142857142857,6,10,2,12,0,0.8333333333333334,0.8333333333333334,1,0.5185185185185185,0.5735777777777777,0.4444444444444444,0.5,0,1,0.07692307692307693,0,0,20.858895705521473
"Khem Birch","TOR",6,63,118,18,6,12,0.5,2,4,0.5,0.5,0,10,2,6,0,0.8333333333333334,1,1,0.25,0.588765625,0.5625,0.5625,2,1,0.08333333333333333,0,0,14.285714285714285
"Caleb Martin","MIA",5,63,118,18,6,13,0.46153846153846156,2,12,0.16666666666666666,0.16666666666666666,0,2,10,6,0,0.16666666666666666,0.2,1,0.48,0.516042,0.36,0.34615384615384615,2,1,0.07692307692307693,0,0,22.900763358778626
"Devonte' Graham","NOP",6,60,110,24,1,4,0.25,5,14,0.35714285714285715,0.35714285714285715,7,0,2,9,6,0,0,0.6,0.7777777777777778,0.5014916666666667,0.4722222222222222,0.5454545454545454,0,2,0.5,0,0,20.155038759689923
"Andre Drummond","BKN",4,60,116,15,6,11,0.5454545454545454,0,0,0,0,3,6,6,0,0,0.5,0.5,0,0,0.5282454545454546,0.5454545454545454,0.5769230769230769,0,1,0.09090909090909091,0,0,13.970588235294116
"Paul Reed","PHI",6,60,115,25,8,16,0.5,2,2,1,1,3,14,2,6,0,0.875,1,1,0.1111111111111111,0.6103416666666667,0.6111111111111112,0.625,2,3,0.1875,0,0,20.30075187969925
"Victor Oladipo","MIA",2,59,115,29,8,15,0.5333333333333333,3,11,0.2727272727272727,0.2727272727272727,4,2,14,3,6,0.125,0.125,0.3333333333333333,0.4230769230769231,0.5248019230769231,0.4807692307692308,0.5178571428571429,0,2,0.13333333333333333,0,0,23.134328358208954
"Derrick Jones Jr.","CHI",5,59,122,19,4,6,0.6666666666666666,3,11,0.2727272727272727,0.2727272727272727,2,6,2,9,0,0.75,0.75,1,0.6470588235294118,0.6054205882352941,0.5,0.5277777777777778,0,2,0.3333333333333333,0,0,15.789473684210526
"DeMarcus Cousins","DEN",5,57,107,53,15,23,0.6521739130434783,4,6,0.6666666666666666,0.6666666666666666,11,18,12,12,0,0.6,0.6428571428571429,1,0.20689655172413793,0.45794137931034484,0.7241379310344828,0.7361111111111112,2,2,0.08695652173913043,0,0,34.42622950819672
"Davis Bertans","DAL",6,56,112,20,0,0,0,5,14,0.35714285714285715,0.35714285714285715,5,0,0,15,0,0,0,1,1,0.5393892857142857,0.5357142857142857,0.59375,0,0,0,0,0,14.516129032258064
"Naji Marshall","NOP",6,56,110,18,7,10,0.7,0,0,0,0,4,6,8,0,0,0.42857142857142855,0.5,0,0,0.58449,0.7,0.75,2,1,0.1,0,0,11.538461538461538
"Juancho Hernangomez","UTA",6,56,99,14,1,6,0.16666666666666666,4,12,0.3333333333333333,0.3333333333333333,0,0,2,12,0,0,0,1,0.6666666666666666,0.5501722222222223,0.3888888888888889,0.3888888888888889,2,2,0.3333333333333333,0,0,16.666666666666668
"Ziaire Williams","MEM",5,55,129,28,5,7,0.7142857142857143,3,12,0.25,0.25,9,10,0,9,0,1,1,1,0.631578947368421,0.6615157894736842,0.5,0.6086956521739131,0,1,0.14285714285714285,1,0.08333333333333333,16.312056737588655
"Naz Reid","MIN",5,54,120,24,4,10,0.4,3,7,0.42857142857142855,0.42857142857142855,7,6,2,9,0,0.75,1,1,0.4117647058823529,0.569635294117647,0.5,0.6,2,3,0.3,0,0,19.68503937007874
"Nemanja Bjelica","GSW",4,48,94,20,8,12,0.6666666666666666,0,3,0,0,4,14,2,0,0,0.875,0.875,0,0.2,0.43511666666666665,0.5333333333333333,0.5555555555555556,0,1,0.08333333333333333,0,0,19.607843137254903
"Dewayne Dedmon","MIA",5,47,93,21,9,13,0.6923076923076923,0,3,0,0,3,14,4,0,0,0.7777777777777778,0.875,0,0.1875,0.57774375,0.5625,0.6176470588235294,2,1,0.07692307692307693,0,0,18.69158878504673
"De'Anthony Melton","MEM",4,47,101,9,1,4,0.25,2,14,0.14285714285714285,0.14285714285714285,1,2,0,6,0,1,1,1,0.7777777777777778,0.5329055555555555,0.2222222222222222,0.23684210526315788,0,1,0.25,1,0.07142857142857142,19.491525423728813
"Payton Pritchard","BOS",4,46,81,23,7,8,0.875,3,7,0.42857142857142855,0.42857142857142855,0,10,4,6,3,0.7142857142857143,0.7142857142857143,0.6666666666666666,0.4666666666666667,0.5113233333333334,0.7666666666666667,0.7666666666666667,0,0,0,0,0,17.58241758241758
"Matisse Thybulle","PHI",3,43,78,10,2,4,0.5,2,6,0.3333333333333333,0.3333333333333333,0,2,2,6,0,0.5,1,1,0.6,0.5592550000000001,0.5,0.45454545454545453,2,0,0,0,0,13.043478260869565
"Andre Iguodala","GSW",3,42,80,4,1,3,0.3333333333333333,0,2,0,0,2,2,0,0,0,1,1,0,0.4,0.49661,0.2,0.3333333333333333,0,0,0,0,0,10.227272727272727
"Clint Capela","ATL",2,40,75,4,2,6,0.3333333333333333,0,0,0,0,0,2,2,0,0,0.5,1,0,0,0.6067833333333333,0.3333333333333333,0.3333333333333333,2,0,0,0,0,9.75609756097561
"Torrey Craig","PHX",4,39,79,6,1,5,0.2,1,4,0.25,0.25,1,0,2,3,0,0,0,1,0.4444444444444444,0.51695,0.2777777777777778,0.3,2,1,0.2,0,0,11.827956989247312
"Tristan Thompson","CHI",5,38,78,4,2,5,0.4,0,0,0,0,0,2,2,0,0,0.5,1,0,0,0.48658,0.4,0.4,2,1,0.2,0,0,11.627906976744185
"Troy Brown Jr.","CHI",3,37,76,12,3,6,0.5,2,11,0.18181818181818182,0.18181818181818182,0,2,4,6,0,0.3333333333333333,0.3333333333333333,1,0.6470588235294118,0.515621875,0.35294117647058826,0.35294117647058826,0,0,0,0,0,23.80952380952381
"Malachi Flynn","TOR",6,36,73,0,0,4,0,0,3,0,0,0,0,0,0,0,0,0,0,0.42857142857142855,0.4528285714285714,0,0,0,1,0.25,0,0,9.090909090909092
"Steven Adams","MEM",3,31,63,0,0,0,0,0,0,0,0,0,0,0,0,0,0,0,0,0,0,0,0,0,0,0,0,0,1.4084507042253522
"Robert Williams III","BOS",2,30,56,5,2,5,0.4,0,0,0,0,1,4,0,0,0,1,1,0,0,0.6034200000000001,0.4,0.4166666666666667,0,1,0.2,0,0,10.44776119402985
"Blake Griffin","BKN",2,25,47,8,0,2,0,2,5,0.4,0.4,2,0,0,6,0,0,0,1,0.7142857142857143,0.5699142857142857,0.42857142857142855,0.5,0,0,0,0,0,16.07142857142857
"Jonathan Kuminga","GSW",4,25,56,14,5,7,0.7142857142857143,0,1,0,0,4,10,0,0,0,1,1,0,0.125,0.53698125,0.625,0.6363636363636364,0,1,0.14285714285714285,0,0,23.333333333333336
"Eric Paschall","UTA",4,24,49,8,2,4,0.5,1,2,0.5,0.5,1,2,2,3,0,0.5,1,1,0.3333333333333333,0.5487666666666667,0.5833333333333334,0.6666666666666666,2,0,0,0,0,11.538461538461538
"Timothe Luwawu-Cabarrot","ATL",4,22,48,5,1,1,1,1,3,0.3333333333333333,0.3333333333333333,0,0,2,3,0,0,0,1,0.75,0.530325,0.625,0.625,0,0,0,0,0,10.204081632653061
"Serge Ibaka","MIL",4,19,42,9,4,11,0.36363636363636365,0,2,0,0,1,4,4,0,0,0.5,0.6666666666666666,0,0.15384615384615385,0.5014538461538461,0.3076923076923077,0.32142857142857145,2,0,0,0,0,35.55555555555556
"John Konchar","MEM",4,17,38,0,0,0,0,0,2,0,0,0,0,0,0,0,0,0,0,1,0.54555,0,0,0,0,0,0,0,4.444444444444445
"Bismack Biyombo","PHX",4,15,32,2,1,3,0.3333333333333333,0,0,0,0,0,2,0,0,0,1,1,0,0,0.4953666666666667,0.3333333333333333,0.3333333333333333,0,1,0.3333333333333333,0,0,22.22222222222222
"Facundo Campazzo","DEN",4,13,24,0,0,0,0,0,2,0,0,0,0,0,0,0,0,0,0,1,0.4599,0,0,0,0,0,0,0,16
"Trey Burke","DAL",3,13,26,10,2,5,0.4,1,3,0.3333333333333333,0.3333333333333333,3,0,4,3,0,0,0,1,0.375,0.4948625,0.4375,0.5555555555555556,0,1,0.2,0,0,30
"Thanasis Antetokounmpo","MIL",3,13,29,4,2,3,0.6666666666666666,0,0,0,0,0,4,0,0,0,1,1,0,0,0.7907333333333333,0.6666666666666666,0.6666666666666666,0,0,0,0,0,9.375
"Jordan Nwora","MIL",3,13,28,2,1,4,0.25,0,2,0,0,0,2,0,0,0,1,1,0,0.3333333333333333,0.5494,0.16666666666666666,0.16666666666666666,0,0,0,0,0,19.35483870967742
"Jaylen Nowell","MIN",1,12,28,6,3,5,0.6,0,5,0,0,0,2,4,0,0,0.3333333333333333,0.3333333333333333,0,0.5,0.52302,0.3,0.3,0,0,0,0,0,34.48275862068966
"Rayjon Tucker","MIL",3,12,26,0,0,0,0,0,0,0,0,0,0,0,0,0,0,0,0,0,0,0,0,0,0,0,0,0,0
"Furkan Korkmaz","PHI",4,12,27,3,0,0,0,1,1,1,1,0,0,0,0,3,0,0,0,1,0.42975,1.5,1.5,0,0,0,0,0,3.125
"Gorgui Dieng","ATL",2,10,24,3,1,1,1,0,1,0,0,1,0,2,0,0,0,0,0,0.5,0.6133,0.5,0.75,2,0,0,0,0,8
"Yuta Watanabe","TOR",4,10,23,4,2,5,0.4,0,1,0,0,0,4,0,0,0,1,1,0,0.16666666666666666,0.5459083333333333,0.3333333333333333,0.3333333333333333,0,0,0,0,0,26.923076923076923
"Luca Vildoza","MIL",2,10,23,3,0,0,0,1,3,0.3333333333333333,0.3333333333333333,0,0,0,3,0,0,0,1,1,0.48225,0.5,0.5,0,0,0,0,0,11.538461538461538
"Kevin Knox II","ATL",2,9,22,22,1,1,1,6,10,0.6,0.6,2,0,2,9,9,0,0,0.5,0.9090909090909091,0.5017227272727273,0.9090909090909091,0.9166666666666666,0,0,0,0,0,65.21739130434783
"Skylar Mays","ATL",2,9,22,2,1,1,1,0,0,0,0,0,0,2,0,0,0,0,0,0,0.5914,1,1,0,0,0,0,0,4.3478260869565215
"Jalen Johnson","ATL",2,9,22,0,0,2,0,0,1,0,0,0,0,0,0,0,0,0,0,0.3333333333333333,0.4013,0,0,0,0,0,0,0,17.391304347826086
"Vlatko Cancar","DEN",2,9,19,5,1,1,1,1,2,0.5,0.5,0,0,2,3,0,0,0,1,0.6666666666666666,0.4434666666666667,0.8333333333333334,0.8333333333333334,0,0,0,0,0,26.31578947368421
"Zeke Nnaji","DEN",2,9,19,3,0,0,0,1,1,1,1,0,0,0,3,0,0,0,1,1,0.58395,1.5,1.5,0,0,0,0,0,5.2631578947368425
"Damion Lee","GSW",2,8,18,6,2,3,0.6666666666666666,0,1,0,0,2,4,0,0,0,1,1,0,0.25,0.42075,0.5,0.6,0,0,0,0,0,26.31578947368421
"Juan Toscano-Anderson","GSW",2,8,18,6,1,1,1,1,1,1,1,1,0,2,3,0,0,0,1,0.5,0.46805,1.25,1,0,0,0,0,0,15.789473684210526
"Moses Moody","GSW",2,8,18,1,0,1,0,0,1,0,0,1,0,0,0,0,0,0,0,0.5,0.47295,0,0.16666666666666666,0,0,0,0,0,21.05263157894737
"Haywood Highsmith","MIA",2,8,19,3,0,0,0,1,1,1,1,0,0,0,3,0,0,0,1,1,0.5046,1.5,1.5,0,0,0,0,0,15.789473684210526
"Omer Yurtseven","MIA",2,8,19,7,3,3,1,0,1,0,0,1,6,0,0,0,1,1,0,0.25,0.67635,0.75,0.5833333333333334,0,0,0,0,0,26.31578947368421
"Aaron Holiday","PHX",2,8,18,10,2,2,1,2,2,1,1,0,2,2,6,0,0.5,0.5,1,0.5,0.452225,1.25,1.25,0,0,0,0,0,19.047619047619047
"Tony Bradley","CHI",2,8,18,10,5,5,1,0,0,0,0,0,8,2,0,0,0.8,0.8,0,0,0.66164,1,1,0,0,0,0,0,25
"Dalano Banton","TOR",4,8,19,7,2,2,1,0,0,0,0,3,0,4,0,0,0,0,0,0,0.77795,1,0.875,2,0,0,0,0,22.727272727272727
"Armoni Brooks","TOR",4,8,19,0,0,0,0,0,4,0,0,0,0,0,0,0,0,0,0,1,0.4588875,0,0,0,0,0,0,0,18.181818181818183
"Isaiah Joe","PHI",4,8,18,3,0,1,0,1,2,0.5,0.5,0,0,0,0,3,0,0,0,0.6666666666666666,0.46485,0.5,0.5,0,0,0,0,0,21.73913043478261
"Greg Monroe","MIN",2,7,14,4,2,5,0.4,0,0,0,0,0,0,4,0,0,0,0,0,0,0.5807800000000001,0.4,0.4,2,2,0.4,0,0,37.5
"Kessler Edwards","BKN",2,7,15,0,0,0,0,0,0,0,0,0,0,0,0,0,0,0,0,0,0,0,0,0,0,0,0,0,6.25
"Svi Mykhailiuk","TOR",3,5,12,1,0,0,0,0,2,0,0,1,0,0,0,0,0,0,0,1,0.52515,0,0,0,0,0,0,0,14.285714285714285
"Nickeil Alexander-Walker","UTA",1,5,10,5,2,2,1,0,0,0,0,1,0,4,0,0,0,0,0,0,0.43315,1,1.25,0,0,0,0,0,18.181818181818183
"Jared Butler","UTA",1,5,10,0,0,2,0,0,0,0,0,0,0,0,0,0,0,0,0,0,0.37525,0,0,0,0,0,0,0,18.181818181818183
"Jarrett Culver","MEM",1,5,12,2,1,2,0.5,0,0,0,0,0,0,2,0,0,0,0,0,0,0.3957,0.5,0.5,0,0,0,0,0,14.285714285714285
"Marquese Chriss","DAL",1,4,9,2,1,2,0.5,0,0,0,0,0,0,2,0,0,0,0,0,0,0.7944,0.5,0.5,0,0,0,0,0,18.181818181818183
"Jaden Springer","PHI",2,4,9,4,2,3,0.6666666666666666,0,0,0,0,0,2,2,0,0,0.5,0.5,0,0,0.4897666666666667,0.6666666666666666,0.6666666666666666,0,0,0,0,0,27.272727272727273
"Isaac Bonga","TOR",1,3,7,2,0,0,0,0,0,0,0,2,0,0,0,0,0,0,0,0,0,0,1,0,0,0,0,0,12.5
"Ish Wainright","PHX",1,2,7,0,0,1,0,0,1,0,0,0,0,0,0,0,0,0,0,0.5,0.493225,0,0,0,0,0,0,0,22.22222222222222
"Elfrid Payton","PHX",1,2,7,2,1,1,1,0,0,0,0,0,2,0,0,0,1,1,0,0,0.4218,1,1,0,0,0,0,0,11.11111111111111
"Josh Okogie","MIN",1,2,6,0,0,0,0,0,0,0,0,0,0,0,0,0,0,0,0,0,0,0,0,0,0,0,0,0,0
"Willy Hernangomez","NOP",1,2,6,2,1,3,0.3333333333333333,0,1,0,0,0,0,2,0,0,0,0,0,0.25,0.5342,0.25,0.25,2,0,0,0,0,50
"Garrett Temple","NOP",1,2,6,0,0,0,0,0,0,0,0,0,0,0,0,0,0,0,0,0,0,0,0,0,0,0,0,0,0
"Boban Marjanovic","DAL",1,1,3,0,0,1,0,0,0,0,0,0,0,0,0,0,0,0,0,0,0.3919,0,0,0,0,0,0,0,50
"Sterling Brown","DAL",1,0,3,2,0,0,0,0,0,0,0,2,0,0,0,0,0,0,0,0,0,0,1,0,0,0,0,0,33.333333333333336
"Day'Ron Sharpe","BKN",1,0,1,0,0,0,0,0,0,0,0,0,0,0,0,0,0,0,0,0,0,0,0,0,0,0,0,0,0
"Cam Thomas","BKN",1,0,1,0,0,0,0,0,0,0,0,0,0,0,0,0,0,0,0,0,0,0,0,0,0,0,0,0,0